GAC Install logging enabled
08/17/2026 07:43:28.336 [2676]: Assembly Install: Entering CAssemblyCache::UninstallAssembly(0, Microsoft.Build, Version=15.1.0.0)
08/17/2026 07:43:28.420 [2676]: Assembly Install: Exiting CAssemblyCache::UninstallAssembly with hr=00000001
08/17/2026 07:43:28.446 [2676]: Assembly Install: Entering CAssemblyCache::UninstallAssembly(0, Microsoft.Build.Engine, Version=15.1.0.0)
08/17/2026 07:43:28.481 [2676]: Assembly Install: Exiting CAssemblyCache::UninstallAssembly with hr=00000001
08/17/2026 07:43:28.481 [2676]: Assembly Install: Entering CAssemblyCache::UninstallAssembly(0, Microsoft.Build.Framework, Version=15.1.0.0)
08/17/2026 07:43:28.517 [2676]: Assembly Install: Exiting CAssemblyCache::UninstallAssembly with hr=00000001
08/17/2026 07:43:28.517 [2676]: Assembly Install: Entering CAssemblyCache::UninstallAssembly(0, Microsoft.Build.Tasks.Core, Version=15.1.0.0)
08/17/2026 07:43:28.560 [2676]: Assembly Install: Exiting CAssemblyCache::UninstallAssembly with hr=00000001
08/17/2026 07:43:28.560 [2676]: Assembly Install: Entering CAssemblyCache::UninstallAssembly(0, Microsoft.Build.Utilities.Core, Version=15.1.0.0)
08/17/2026 07:43:28.598 [2676]: Assembly Install: Exiting CAssemblyCache::UninstallAssembly with hr=00000001
08/17/2026 07:43:28.598 [2676]: Assembly Install: Entering CAssemblyCache::UninstallAssembly(0, Microsoft.Build.Conversion.Core, Version=15.1.0.0)
08/17/2026 07:43:28.642 [2676]: Assembly Install: Exiting CAssemblyCache::UninstallAssembly with hr=00000001
08/17/2026 07:43:28.643 [2676]: Assembly Install: Entering CAssemblyCache::UninstallAssembly(0, Microsoft.NET.StringTools, Version=1.0.0.0)
08/17/2026 07:43:28.686 [2676]: Assembly Install: Exiting CAssemblyCache::UninstallAssembly with hr=00000001
08/17/2026 07:43:28.686 [2676]: Assembly Install: Entering CAssemblyCache::UninstallAssembly(0, BuildXL.Processes, Version=1.0.0.0)
08/17/2026 07:43:28.721 [2676]: Assembly Install: Exiting CAssemblyCache::UninstallAssembly with hr=00000001
08/17/2026 07:43:28.721 [2676]: Assembly Install: Entering CAssemblyCache::UninstallAssembly(0, BuildXL.Utilities.Core, Version=1.0.0.0)
08/17/2026 07:43:28.757 [2676]: Assembly Install: Exiting CAssemblyCache::UninstallAssembly with hr=00000001
08/17/2026 07:43:28.757 [2676]: Assembly Install: Entering CAssemblyCache::UninstallAssembly(0, BuildXL.Native, Version=1.0.0.0)
08/17/2026 07:43:28.809 [2676]: Assembly Install: Exiting CAssemblyCache::UninstallAssembly with hr=00000001
08/17/2026 07:43:28.809 [2676]: Assembly Install: Entering CAssemblyCache::UninstallAssembly(0, Microsoft.VisualStudio.SolutionPersistence, Version=1.0.0.0)
08/17/2026 07:43:28.853 [2676]: Assembly Install: Exiting CAssemblyCache::UninstallAssembly with hr=00000001
08/17/2026 07:46:26.426 [2412]: Command line: C:\windows\Microsoft.NET\Framework64\v4.0.30319\ngen.exe eqi 2 
08/17/2026 07:46:26.465 [2412]: Executing command from offline queue: install "C:\Program Files\Microsoft Visual Studio\18\Enterprise\Common7\IDE\AppLocalWPF\WindowsBase.dll" /NoDependencies /ExeConfig:"C:\Program Files\Microsoft Visual Studio\18\Enterprise\Common7\IDE\vsn.exe" /queue:1
08/17/2026 07:46:26.471 [2412]: Executing command from offline queue: install "C:\Program Files\Microsoft Visual Studio\18\Enterprise\Common7\IDE\CommonExtensions\Microsoft\Editor\Microsoft.VisualStudio.Editor.Implementation.dll" /NoDependencies /ExeConfig:"C:\Program Files\Microsoft Visual Studio\18\Enterprise\Common7\IDE\vsn.exe" /queue:1
08/17/2026 07:46:26.474 [2412]: Executing command from offline queue: install "C:\Program Files\Microsoft Visual Studio\18\Enterprise\Common7\IDE\PrivateAssemblies\Microsoft.VisualStudio.Telemetry.dll" /NoDependencies /ExeConfig:"C:\Program Files\Microsoft Visual Studio\18\Enterprise\Common7\IDE\VcxprojReader.exe" /queue:1
08/17/2026 07:46:26.475 [2412]: Error: The specified file or directory "C:\Program Files\Microsoft Visual Studio\18\Enterprise\Common7\IDE\VcxprojReader.exe" is invalid.
08/17/2026 07:46:26.475 [2412]: Executing command from offline queue: install "C:\Program Files\Microsoft Visual Studio\18\Enterprise\Common7\IDE\Microsoft.VisualStudio.ExtensionEngine.dll" /NoDependencies /ExeConfig:"C:\Program Files\Microsoft Visual Studio\18\Enterprise\Common7\IDE\vsn.exe" /queue:1
08/17/2026 07:46:26.478 [2412]: Executing command from offline queue: install "C:\Program Files\Microsoft Visual Studio\18\Enterprise\Common7\IDE\Microsoft.VisualStudio.Shell.ViewManager.dll" /NoDependencies /ExeConfig:"C:\Program Files\Microsoft Visual Studio\18\Enterprise\Common7\IDE\vsn.exe" /queue:1
08/17/2026 07:46:26.480 [2412]: Executing command from offline queue: install "C:\Program Files\Microsoft Visual Studio\18\Enterprise\Common7\IDE\PublicAssemblies\Nerdbank.Streams.2.x\Nerdbank.Streams.dll" /NoDependencies /ExeConfig:"C:\Program Files\Microsoft Visual Studio\18\Enterprise\Common7\IDE\vsn.exe" /queue:1
08/17/2026 07:46:26.483 [2412]: Executing command from offline queue: install "C:\Program Files\Microsoft Visual Studio\18\Enterprise\Common7\IDE\AppLocalWPF\PresentationFramework.dll" /NoDependencies /ExeConfig:"C:\Program Files\Microsoft Visual Studio\18\Enterprise\Common7\IDE\vsn.exe" /queue:1
08/17/2026 07:46:26.485 [2412]: Executing command from offline queue: install "C:\Program Files\Microsoft Visual Studio\18\Enterprise\Common7\IDE\CommonExtensions\Microsoft\Identity\Microsoft.Developer.IdentityService.Client.dll" /NoDependencies /ExeConfig:"C:\Program Files\Microsoft Visual Studio\18\Enterprise\Common7\IDE\vsn.exe" /queue:1
08/17/2026 07:46:26.488 [2412]: Executing command from offline queue: install "C:\Program Files\Microsoft Visual Studio\18\Enterprise\Common7\IDE\PrivateAssemblies\Microsoft.VisualStudio.Composition.dll" /ExeConfig:"C:\Program Files\Microsoft Visual Studio\18\Enterprise\Common7\IDE\vsn.exe" /queue:1
08/17/2026 07:46:26.491 [2412]: Executing command from offline queue: install "C:\Program Files\Microsoft Visual Studio\18\Enterprise\Common7\IDE\CommonExtensions\Microsoft\TeamFoundation\Team Explorer\Microsoft.VisualStudio.Services.WebApi.dll" /NoDependencies /ExeConfig:"C:\Program Files\Microsoft Visual Studio\18\Enterprise\Common7\IDE\vsn.exe" /queue:1
08/17/2026 07:46:26.494 [2412]: Executing command from offline queue: install "C:\Program Files\Microsoft Visual Studio\18\Enterprise\Common7\IDE\PublicAssemblies\System.Text.Json.dll" /NoDependencies /ExeConfig:"C:\Program Files\Microsoft Visual Studio\18\Enterprise\Common7\IDE\vsn.exe" /queue:1
08/17/2026 07:46:26.496 [2412]: Executing command from offline queue: install "C:\Program Files\Microsoft Visual Studio\18\Enterprise\Common7\IDE\PrivateAssemblies\Microsoft.VisualStudio.Shell.Connected.dll" /NoDependencies /ExeConfig:"C:\Program Files\Microsoft Visual Studio\18\Enterprise\Common7\IDE\vsn.exe" /queue:1
08/17/2026 07:46:26.498 [2412]: Executing command from offline queue: install "C:\Program Files\Microsoft Visual Studio\18\Enterprise\Common7\IDE\PublicAssemblies\Microsoft.VisualStudio.Threading.17.x\Microsoft.VisualStudio.Threading.dll" /NoDependencies /ExeConfig:"C:\Program Files\Microsoft Visual Studio\18\Enterprise\Common7\IDE\vsn.exe" /queue:1
08/17/2026 07:46:26.500 [2412]: Executing command from offline queue: install "C:\Program Files\Microsoft Visual Studio\18\Enterprise\Common7\IDE\Microsoft.VisualStudio.Utilities.dll" /NoDependencies /ExeConfig:"C:\Program Files\Microsoft Visual Studio\18\Enterprise\Common7\IDE\vsn.exe" /queue:1
08/17/2026 07:46:26.503 [2412]: Executing command from offline queue: install "C:\Program Files\Microsoft Visual Studio\18\Enterprise\Common7\IDE\PublicAssemblies\StreamJsonRpc.2.x\StreamJsonRpc.dll" /NoDependencies /ExeConfig:"C:\Program Files\Microsoft Visual Studio\18\Enterprise\Common7\IDE\vsn.exe" /queue:1
08/17/2026 07:46:26.505 [2412]: Executing command from offline queue: install "C:\Program Files\Microsoft Visual Studio\18\Enterprise\SharedAssemblies\System.Collections.Immutable\10.0.0.8\10.0.8\netfx\System.Collections.Immutable.dll" /NoDependencies /ExeConfig:"C:\Program Files\Microsoft Visual Studio\18\Enterprise\Common7\IDE\vsn.exe" /queue:1
08/17/2026 07:46:26.508 [2412]: Executing command from offline queue: install "C:\Program Files\Microsoft Visual Studio\18\Enterprise\MSBuild\Current\Bin\Roslyn\VBCSCompiler.exe" /NoDependencies /ExeConfig:"C:\Program Files\Microsoft Visual Studio\18\Enterprise\MSBuild\Current\Bin\Roslyn\VBCSCompiler.exe" /queue:1
08/17/2026 07:46:26.511 [2412]: Executing command from offline queue: install "C:\Program Files\Microsoft Visual Studio\18\Enterprise\Common7\IDE\Microsoft.VisualStudio.Shell.Styles.dll" /NoDependencies /ExeConfig:"C:\Program Files\Microsoft Visual Studio\18\Enterprise\Common7\IDE\vsn.exe" /queue:1
08/17/2026 07:46:26.514 [2412]: Executing command from offline queue: install "C:\Program Files\Microsoft Visual Studio\18\Enterprise\Common7\IDE\Extensions\Microsoft\Copilot\Microsoft.VisualStudio.Copilot.Vsix.dll" /NoDependencies /ExeConfig:"C:\Program Files\Microsoft Visual Studio\18\Enterprise\Common7\IDE\vsn.exe" /queue:1
08/17/2026 07:46:26.516 [2412]: Executing command from offline queue: install "C:\Program Files\Microsoft Visual Studio\18\Enterprise\Common7\IDE\PrivateAssemblies\Nerdbank.MessagePack.1.x\Nerdbank.MessagePack.dll" /NoDependencies /ExeConfig:"C:\Program Files\Microsoft Visual Studio\18\Enterprise\Common7\IDE\vsn.exe" /queue:1
08/17/2026 07:46:26.519 [2412]: Executing command from offline queue: install "C:\Program Files\Microsoft Visual Studio\18\Enterprise\Common7\IDE\PrivateAssemblies\Microsoft.VisualStudio.Telemetry.dll" /NoDependencies /ExeConfig:"C:\Program Files\Microsoft Visual Studio\18\Enterprise\Common7\IDE\vsn.exe" /queue:1
08/17/2026 07:46:26.521 [2412]: Executing command from offline queue: install "C:\Program Files\Microsoft Visual Studio\18\Enterprise\Common7\IDE\PrivateAssemblies\Microsoft.ServiceHub.Framework.dll" /NoDependencies /ExeConfig:"C:\Program Files\Microsoft Visual Studio\18\Enterprise\Common7\IDE\vsn.exe" /queue:1
08/17/2026 07:46:26.523 [2412]: Executing command from offline queue: install "C:\Program Files\Microsoft Visual Studio\18\Enterprise\SharedAssemblies\Newtonsoft.Json\13.0.4.0\13.0.4\netfx\Newtonsoft.Json.dll" /NoDependencies /ExeConfig:"C:\Program Files\Microsoft Visual Studio\18\Enterprise\Common7\IDE\vsn.exe" /queue:1
08/17/2026 07:46:26.526 [2412]: Executing command from offline queue: install "C:\Program Files\Microsoft Visual Studio\18\Enterprise\Common7\IDE\AppLocalWPF\PresentationCore.dll" /NoDependencies /ExeConfig:"C:\Program Files\Microsoft Visual Studio\18\Enterprise\Common7\IDE\vsn.exe" /queue:1
08/17/2026 07:46:26.528 [2412]: Executing command from offline queue: install "C:\Program Files\Microsoft Visual Studio\18\Enterprise\Common7\IDE\PrivateAssemblies\Microsoft.VisualStudio.CommonIDE.dll" /NoDependencies /ExeConfig:"C:\Program Files\Microsoft Visual Studio\18\Enterprise\Common7\IDE\vsn.exe" /queue:1
08/17/2026 07:46:26.531 [2412]: Executing command from offline queue: install "C:\Program Files\Microsoft Visual Studio\18\Enterprise\Common7\IDE\CommonExtensions\Microsoft\Identity\Microsoft.Developer.IdentityService.dll" /NoDependencies /ExeConfig:"C:\Program Files\Microsoft Visual Studio\18\Enterprise\Common7\IDE\vsn.exe" /queue:1
08/17/2026 07:46:26.533 [2412]: Executing command from offline queue: install "C:\Program Files\Microsoft Visual Studio\18\Enterprise\Common7\IDE\PublicAssemblies\Microsoft.VisualStudio.Shell.15.0.dll" /NoDependencies /ExeConfig:"C:\Program Files\Microsoft Visual Studio\18\Enterprise\Common7\IDE\vsn.exe" /queue:1
08/17/2026 07:46:26.535 [2412]: Executing command from offline queue: install "C:\Program Files\Microsoft Visual Studio\18\Enterprise\Common7\IDE\Microsoft.VisualStudio.Shell.UI.Internal.dll" /NoDependencies /ExeConfig:"C:\Program Files\Microsoft Visual Studio\18\Enterprise\Common7\IDE\vsn.exe" /queue:1
08/17/2026 07:46:26.538 [2412]: Executing command from offline queue: install "C:\Program Files\Microsoft Visual Studio\18\Enterprise\Common7\IDE\PublicAssemblies\MessagePack.2.x\MessagePack.dll" /NoDependencies /ExeConfig:"C:\Program Files\Microsoft Visual Studio\18\Enterprise\Common7\IDE\vsn.exe" /queue:1
08/17/2026 07:46:26.541 [2412]: Executing command from offline queue: install "C:\Program Files\Microsoft Visual Studio\18\Enterprise\Common7\IDE\PrivateAssemblies\Microsoft.Identity.Client.dll" /NoDependencies /ExeConfig:"C:\Program Files\Microsoft Visual Studio\18\Enterprise\Common7\IDE\vsn.exe" /queue:1
08/17/2026 07:46:26.543 [2412]: Executing command from offline queue: install "C:\Program Files\Microsoft Visual Studio\18\Enterprise\Common7\IDE\Microsoft.VisualStudio.Platform.WindowManagement.dll" /NoDependencies /ExeConfig:"C:\Program Files\Microsoft Visual Studio\18\Enterprise\Common7\IDE\vsn.exe" /queue:1
08/17/2026 07:46:26.545 [2412]: Executing command from offline queue: install "C:\Program Files\Microsoft Visual Studio\18\Enterprise\Common7\IDE\CommonExtensions\Microsoft\Editor\Microsoft.VisualStudio.Platform.VSEditor.dll" /NoDependencies /ExeConfig:"C:\Program Files\Microsoft Visual Studio\18\Enterprise\Common7\IDE\vsn.exe" /queue:1
08/17/2026 07:46:26.548 [2412]: Executing command from offline queue: install "C:\Program Files\Microsoft Visual Studio\18\Enterprise\MSBuild\Current\Bin\Microsoft.Build.Tasks.Core.dll" /NoDependencies /ExeConfig:"C:\Program Files\Microsoft Visual Studio\18\Enterprise\MSBuild\Current\Bin\MSBuild.exe" /queue:2
08/17/2026 07:46:26.550 [2412]: Executing command from offline queue: install "C:\Program Files\Microsoft Visual Studio\18\Enterprise\Common7\IDE\CommonExtensions\Microsoft\FSharp\Tools\FSharp.Compiler.Service.dll" /NoDependencies /ExeConfig:"C:\Program Files\Microsoft Visual Studio\18\Enterprise\Common7\IDE\vsn.exe" /queue:2
08/17/2026 07:46:26.553 [2412]: Executing command from offline queue: install "C:\Program Files\Microsoft Visual Studio\18\Enterprise\Common7\IDE\CommonExtensions\Microsoft\Project\Microsoft.VisualStudio.ProjectSystem.dll" /NoDependencies /ExeConfig:"C:\Program Files\Microsoft Visual Studio\18\Enterprise\Common7\IDE\vsn.exe" /queue:2
08/17/2026 07:46:26.555 [2412]: Executing command from offline queue: install "C:\Program Files\Microsoft Visual Studio\18\Enterprise\MSBuild\Current\Bin\System.IO.Pipelines.dll" /NoDependencies /ExeConfig:"C:\Program Files\Microsoft Visual Studio\18\Enterprise\MSBuild\Current\Bin\MSBuild.exe" /queue:2
08/17/2026 07:46:26.557 [2412]: Executing command from offline queue: install "C:\Program Files\Microsoft Visual Studio\18\Enterprise\Common7\IDE\CommonExtensions\Microsoft\FSharp\FSharp.LanguageService.dll" /NoDependencies /ExeConfig:"C:\Program Files\Microsoft Visual Studio\18\Enterprise\Common7\IDE\vsn.exe" /queue:2
08/17/2026 07:46:26.561 [2412]: Executing command from offline queue: install "C:\Program Files\Microsoft Visual Studio\18\Enterprise\Common7\IDE\Extensions\Microsoft\IntelliCode\Microsoft.VisualStudio.IntelliCode.dll" /NoDependencies /ExeConfig:"C:\Program Files\Microsoft Visual Studio\18\Enterprise\Common7\IDE\vsn.exe" /queue:2
08/17/2026 07:46:26.564 [2412]: Executing command from offline queue: install "C:\Program Files\Microsoft Visual Studio\18\Enterprise\Common7\IDE\CommonExtensions\Microsoft\VBCSharp\LanguageServices\Microsoft.CodeAnalysis.Workspaces.dll" /NoDependencies /ExeConfig:"C:\Program Files\Microsoft Visual Studio\18\Enterprise\Common7\IDE\vsn.exe" /queue:2
08/17/2026 07:46:26.566 [2412]: Executing command from offline queue: install "C:\Program Files\Microsoft Visual Studio\18\Enterprise\Common7\IDE\PublicAssemblies\System.Memory.dll" /NoDependencies /ExeConfig:"C:\Program Files\Microsoft Visual Studio\18\Enterprise\Common7\IDE\vsn.exe" /queue:2
08/17/2026 07:46:26.569 [2412]: Executing command from offline queue: install "C:\Program Files\Microsoft Visual Studio\18\Enterprise\MSBuild\Current\Bin\System.Runtime.CompilerServices.Unsafe.dll" /NoDependencies /ExeConfig:"C:\Program Files\Microsoft Visual Studio\18\Enterprise\MSBuild\Current\Bin\MSBuild.exe" /queue:2
08/17/2026 07:46:26.571 [2412]: Executing command from offline queue: install "C:\Program Files\Microsoft Visual Studio\18\Enterprise\Common7\IDE\CommonExtensions\Microsoft\Project\Microsoft.VisualStudio.ProjectSystem.Implementation.dll" /NoDependencies /ExeConfig:"C:\Program Files\Microsoft Visual Studio\18\Enterprise\Common7\IDE\vsn.exe" /queue:2
08/17/2026 07:46:26.573 [2412]: Executing command from offline queue: install "C:\Program Files\Microsoft Visual Studio\18\Enterprise\MSBuild\Current\Bin\System.Reflection.Metadata.dll" /NoDependencies /ExeConfig:"C:\Program Files\Microsoft Visual Studio\18\Enterprise\MSBuild\Current\Bin\MSBuild.exe" /queue:2
08/17/2026 07:46:26.576 [2412]: Executing command from offline queue: install "C:\Program Files\Microsoft Visual Studio\18\Enterprise\Common7\IDE\CommonExtensions\Microsoft\FSharp\FSharp.Compiler.Interactive.Settings.dll" /NoDependencies /ExeConfig:"C:\Program Files\Microsoft Visual Studio\18\Enterprise\Common7\IDE\vsn.exe" /queue:2
08/17/2026 07:46:26.578 [2412]: Executing command from offline queue: install "C:\Program Files\Microsoft Visual Studio\18\Enterprise\MSBuild\Current\Bin\System.Formats.Nrbf.dll" /NoDependencies /ExeConfig:"C:\Program Files\Microsoft Visual Studio\18\Enterprise\MSBuild\Current\Bin\MSBuild.exe" /queue:2
08/17/2026 07:46:26.581 [2412]: Executing command from offline queue: install "C:\Program Files\Microsoft Visual Studio\18\Enterprise\Common7\IDE\CommonExtensions\Microsoft\ServiceHub\microsoft.servicehub.client.dll" /NoDependencies /ExeConfig:"C:\Program Files\Microsoft Visual Studio\18\Enterprise\Common7\IDE\vsn.exe" /queue:2
08/17/2026 07:46:26.583 [2412]: Executing command from offline queue: install "C:\Program Files\Microsoft Visual Studio\18\Enterprise\Common7\IDE\CommonExtensions\Microsoft\FSharp\Tools\fsiAnyCpu.exe" /NoDependencies /ExeConfig:"C:\Program Files\Microsoft Visual Studio\18\Enterprise\Common7\IDE\CommonExtensions\Microsoft\FSharp\Tools\fsiAnyCpu.exe" /queue:2
08/17/2026 07:46:26.586 [2412]: Executing command from offline queue: install "C:\Program Files\Microsoft Visual Studio\18\Enterprise\Common7\IDE\PrivateAssemblies\Octokit.dll" /NoDependencies /ExeConfig:"C:\Program Files\Microsoft Visual Studio\18\Enterprise\Common7\IDE\vsn.exe" /queue:2
08/17/2026 07:46:26.589 [2412]: Executing command from offline queue: install "C:\Program Files\Microsoft Visual Studio\18\Enterprise\Common7\IDE\Extensions\TestPlatform\testhost.net472.exe" /NoDependencies /ExeConfig:"C:\Program Files\Microsoft Visual Studio\18\Enterprise\Common7\IDE\Extensions\TestPlatform\testhost.net472.exe" /queue:2
08/17/2026 07:46:26.591 [2412]: Executing command from offline queue: install "C:\Program Files\Microsoft Visual Studio\18\Enterprise\MSBuild\Current\Bin\System.Threading.Tasks.Dataflow.dll" /NoDependencies /ExeConfig:"C:\Program Files\Microsoft Visual Studio\18\Enterprise\MSBuild\Current\Bin\MSBuild.exe" /queue:2
08/17/2026 07:46:26.595 [2412]: Executing command from offline queue: install "C:\Program Files\Microsoft Visual Studio\18\Enterprise\Common7\IDE\CommonExtensions\Platform\MefHosting\Microsoft.VisualStudio.ComponentModelHost.dll" /NoDependencies /ExeConfig:"C:\Program Files\Microsoft Visual Studio\18\Enterprise\Common7\IDE\vsn.exe" /queue:2
08/17/2026 07:46:26.598 [2412]: Executing command from offline queue: install "C:\Program Files\Microsoft Visual Studio\18\Enterprise\Common7\IDE\CommonExtensions\Microsoft\FSharp\FSharp.LanguageService.Base.dll" /NoDependencies /ExeConfig:"C:\Program Files\Microsoft Visual Studio\18\Enterprise\Common7\IDE\vsn.exe" /queue:2
08/17/2026 07:46:26.601 [2412]: Executing command from offline queue: install "C:\Program Files\Microsoft Visual Studio\18\Enterprise\Common7\IDE\TestTools\TeamExplorerClient\Microsoft.TeamFoundation.Client.dll" /NoDependencies /ExeConfig:"C:\Program Files\Microsoft Visual Studio\18\Enterprise\Common7\IDE\vsn.exe" /queue:2
08/17/2026 07:46:26.603 [2412]: Executing command from offline queue: install "C:\Program Files\Microsoft Visual Studio\18\Enterprise\Common7\IDE\CommonExtensions\Microsoft\Editor\ServiceHub\netfx\Microsoft.VisualStudio.CodeLens.Service.dll" /NoDependencies /ExeConfig:"C:\Program Files\Microsoft Visual Studio\18\Enterprise\Common7\IDE\vsn.exe" /queue:2
08/17/2026 07:46:26.606 [2412]: Executing command from offline queue: install "C:\Program Files\Microsoft Visual Studio\18\Enterprise\Common7\IDE\Extensions\Microsoft\IntelliCode.CSharp\Microsoft.VisualStudio.IntelliCode.CSharp.dll" /NoDependencies /ExeConfig:"C:\Program Files\Microsoft Visual Studio\18\Enterprise\Common7\IDE\vsn.exe" /queue:2
08/17/2026 07:46:26.608 [2412]: Executing command from offline queue: install "C:\Program Files\Microsoft Visual Studio\18\Enterprise\MSBuild\Current\Bin\Microsoft.IO.Redist.dll" /NoDependencies /ExeConfig:"C:\Program Files\Microsoft Visual Studio\18\Enterprise\Common7\IDE\vsn.exe" /queue:2
08/17/2026 07:46:26.610 [2412]: Executing command from offline queue: install "C:\Program Files\Microsoft Visual Studio\18\Enterprise\Common7\IDE\Extensions\Microsoft\ManagedProjectSystem\Microsoft.VisualStudio.ProjectSystem.Managed.dll" /NoDependencies /ExeConfig:"C:\Program Files\Microsoft Visual Studio\18\Enterprise\Common7\IDE\vsn.exe" /queue:2
08/17/2026 07:46:26.612 [2412]: Executing command from offline queue: install "C:\Program Files\Microsoft Visual Studio\18\Enterprise\Common7\IDE\CommonExtensions\Microsoft\VBCSharp\LanguageServices\Microsoft.CodeAnalysis.dll" /NoDependencies /ExeConfig:"C:\Program Files\Microsoft Visual Studio\18\Enterprise\Common7\IDE\vsn.exe" /queue:2
08/17/2026 07:46:26.615 [2412]: Executing command from offline queue: install "C:\Program Files\Microsoft Visual Studio\18\Enterprise\Common7\IDE\CommonExtensions\Microsoft\VBCSharp\LanguageServices\Microsoft.VisualStudio.LanguageServices.dll" /NoDependencies /ExeConfig:"C:\Program Files\Microsoft Visual Studio\18\Enterprise\Common7\IDE\vsn.exe" /queue:2
08/17/2026 07:46:26.617 [2412]: Executing command from offline queue: install "C:\Program Files\Microsoft Visual Studio\18\Enterprise\Common7\IDE\CommonExtensions\Microsoft\NuGet\NuGet.ProjectModel.dll" /NoDependencies /ExeConfig:"C:\Program Files\Microsoft Visual Studio\18\Enterprise\Common7\IDE\vsn.exe" /queue:2
08/17/2026 07:46:26.619 [2412]: Executing command from offline queue: install "C:\Program Files\Microsoft Visual Studio\18\Enterprise\MSBuild\Current\Bin\Roslyn\vbc.exe" /NoDependencies /ExeConfig:"C:\Program Files\Microsoft Visual Studio\18\Enterprise\MSBuild\Current\Bin\Roslyn\vbc.exe" /queue:2
08/17/2026 07:46:26.622 [2412]: Executing command from offline queue: install "C:\Program Files\Microsoft Visual Studio\18\Enterprise\Common7\IDE\CommonExtensions\Microsoft\VBCSharp\LanguageServices\Microsoft.CodeAnalysis.Features.dll" /NoDependencies /ExeConfig:"C:\Program Files\Microsoft Visual Studio\18\Enterprise\Common7\IDE\vsn.exe" /queue:2
08/17/2026 07:46:26.624 [2412]: Executing command from offline queue: install "C:\Program Files\Microsoft Visual Studio\18\Enterprise\Common7\IDE\Extensions\Microsoft\ManagedProjectSystem\Microsoft.VisualStudio.ProjectSystem.Managed.VS.dll" /NoDependencies /ExeConfig:"C:\Program Files\Microsoft Visual Studio\18\Enterprise\Common7\IDE\vsn.exe" /queue:2
08/17/2026 07:46:26.627 [2412]: Executing command from offline queue: install "C:\Program Files\Microsoft Visual Studio\18\Enterprise\Common7\IDE\CommonExtensions\Microsoft\FSharp\Tools\FSharp.Core.dll" /NoDependencies /ExeConfig:"C:\Program Files\Microsoft Visual Studio\18\Enterprise\Common7\IDE\vsn.exe" /queue:2
08/17/2026 07:46:26.630 [2412]: Executing command from offline queue: install "C:\Program Files\Microsoft Visual Studio\18\Enterprise\Common7\IDE\CommonExtensions\Microsoft\NuGet\NuGet.PackageManagement.VisualStudio.dll" /NoDependencies /ExeConfig:"C:\Program Files\Microsoft Visual Studio\18\Enterprise\Common7\IDE\vsn.exe" /queue:2
08/17/2026 07:46:26.632 [2412]: Executing command from offline queue: install "C:\Program Files\Microsoft Visual Studio\18\Enterprise\MSBuild\Current\Bin\System.Text.Json.dll" /NoDependencies /ExeConfig:"C:\Program Files\Microsoft Visual Studio\18\Enterprise\MSBuild\Current\Bin\MSBuild.exe" /queue:2
08/17/2026 07:46:26.634 [2412]: Executing command from offline queue: install "C:\Program Files\Microsoft Visual Studio\18\Enterprise\Common7\IDE\Extensions\TestPlatform\testhost.net47.exe" /NoDependencies /ExeConfig:"C:\Program Files\Microsoft Visual Studio\18\Enterprise\Common7\IDE\Extensions\TestPlatform\testhost.net47.exe" /queue:2
08/17/2026 07:46:26.638 [2412]: Executing command from offline queue: install "C:\Program Files\Microsoft Visual Studio\18\Enterprise\MSBuild\Current\Bin\Microsoft.Build.Tasks.Core.dll" /NoDependencies /ExeConfig:"C:\Program Files\Microsoft Visual Studio\18\Enterprise\Common7\IDE\vsn.exe" /queue:2
08/17/2026 07:46:26.641 [2412]: Executing command from offline queue: install "C:\Program Files\Microsoft Visual Studio\18\Enterprise\Common7\IDE\PublicAssemblies\Microsoft.VisualStudio.Interop.dll" /NoDependencies /ExeConfig:"C:\Program Files\Microsoft Visual Studio\18\Enterprise\Common7\IDE\vsn.exe" /queue:2
08/17/2026 07:46:26.645 [2412]: Executing command from offline queue: install "C:\Program Files\Microsoft Visual Studio\18\Enterprise\Common7\IDE\CommonExtensions\Microsoft\ServiceHub\microsoft.servicehub.hostlib.dll" /NoDependencies /ExeConfig:"C:\Program Files\Microsoft Visual Studio\18\Enterprise\Common7\IDE\vsn.exe" /queue:2
08/17/2026 07:46:26.651 [2412]: Executing command from offline queue: install "C:\Program Files\Microsoft Visual Studio\18\Enterprise\Common7\IDE\CommonExtensions\Microsoft\FSharp\Tools\FSharp.DependencyManager.Nuget.dll" /NoDependencies /ExeConfig:"C:\Program Files\Microsoft Visual Studio\18\Enterprise\Common7\IDE\vsn.exe" /queue:2
08/17/2026 07:46:26.654 [2412]: Executing command from offline queue: install "C:\Program Files\Microsoft Visual Studio\18\Enterprise\Common7\IDE\Extensions\TestPlatform\testhost.net471.exe" /NoDependencies /ExeConfig:"C:\Program Files\Microsoft Visual Studio\18\Enterprise\Common7\IDE\Extensions\TestPlatform\testhost.net471.exe" /queue:2
08/17/2026 07:46:26.656 [2412]: Executing command from offline queue: install "C:\Program Files\Microsoft Visual Studio\18\Enterprise\MSBuild\Current\Bin\Roslyn\csi.exe" /NoDependencies /ExeConfig:"C:\Program Files\Microsoft Visual Studio\18\Enterprise\MSBuild\Current\Bin\Roslyn\csi.exe" /queue:2
08/17/2026 07:46:26.659 [2412]: Executing command from offline queue: install "C:\Program Files\Microsoft Visual Studio\18\Enterprise\Common7\IDE\Extensions\TestPlatform\testhost.net48.exe" /NoDependencies /ExeConfig:"C:\Program Files\Microsoft Visual Studio\18\Enterprise\Common7\IDE\Extensions\TestPlatform\testhost.net48.exe" /queue:2
08/17/2026 07:46:26.661 [2412]: Executing command from offline queue: install "C:\Program Files\Microsoft Visual Studio\18\Enterprise\Common7\IDE\CommonExtensions\Microsoft\TeamFoundation\Team Explorer\Microsoft.TeamFoundation.Git.Controls.dll" /NoDependencies /ExeConfig:"C:\Program Files\Microsoft Visual Studio\18\Enterprise\Common7\IDE\vsn.exe" /queue:2
08/17/2026 07:46:26.664 [2412]: Executing command from offline queue: install "C:\Program Files\Microsoft Visual Studio\18\Enterprise\SharedAssemblies\System.Threading.Tasks.Dataflow\10.0.0.8\10.0.8\netfx\System.Threading.Tasks.Dataflow.dll" /NoDependencies /ExeConfig:"C:\Program Files\Microsoft Visual Studio\18\Enterprise\Common7\IDE\vsn.exe" /queue:2
08/17/2026 07:46:26.667 [2412]: Executing command from offline queue: install "C:\Program Files\Microsoft Visual Studio\18\Enterprise\MSBuild\Current\Bin\Microsoft.Build.dll" /NoDependencies /ExeConfig:"C:\Program Files\Microsoft Visual Studio\18\Enterprise\MSBuild\Current\Bin\MSBuild.exe" /queue:2
08/17/2026 07:46:26.669 [2412]: Executing command from offline queue: install "C:\Program Files\Microsoft Visual Studio\18\Enterprise\Common7\IDE\PerfWatson2.exe" /NoDependencies /ExeConfig:"C:\Program Files\Microsoft Visual Studio\18\Enterprise\Common7\IDE\PerfWatson2.exe" /queue:2
08/17/2026 07:46:26.672 [2412]: Executing command from offline queue: install "C:\Program Files\Microsoft Visual Studio\18\Enterprise\SharedAssemblies\System.Memory\4.0.5.0\4.6.3\netfx\System.Memory.dll" /NoDependencies /ExeConfig:"C:\Program Files\Microsoft Visual Studio\18\Enterprise\Common7\IDE\vsn.exe" /queue:2
08/17/2026 07:46:26.674 [2412]: Executing command from offline queue: install "C:\Program Files\Microsoft Visual Studio\18\Enterprise\Common7\IDE\CommonExtensions\Microsoft\FSharp\FSharp.VS.FSI.dll" /NoDependencies /ExeConfig:"C:\Program Files\Microsoft Visual Studio\18\Enterprise\Common7\IDE\vsn.exe" /queue:2
08/17/2026 07:46:26.677 [2412]: Executing command from offline queue: install "C:\Program Files\Microsoft Visual Studio\18\Enterprise\MSBuild\Current\Bin\System.Text.Encodings.Web.dll" /NoDependencies /ExeConfig:"C:\Program Files\Microsoft Visual Studio\18\Enterprise\MSBuild\Current\Bin\MSBuild.exe" /queue:2
08/17/2026 07:46:26.681 [2412]: Executing command from offline queue: install "C:\Program Files\Microsoft Visual Studio\18\Enterprise\MSBuild\Current\Bin\System.Memory.dll" /NoDependencies /ExeConfig:"C:\Program Files\Microsoft Visual Studio\18\Enterprise\MSBuild\Current\Bin\MSBuild.exe" /queue:2
08/17/2026 07:46:26.684 [2412]: Executing command from offline queue: install "C:\Program Files\Microsoft Visual Studio\18\Enterprise\Common7\IDE\PrivateAssemblies\Microsoft.VisualStudio.Setup.Common.dll" /NoDependencies /ExeConfig:"C:\Program Files\Microsoft Visual Studio\18\Enterprise\Common7\IDE\vsn.exe" /queue:2
08/17/2026 07:46:26.688 [2412]: Executing command from offline queue: install "C:\Program Files\Microsoft Visual Studio\18\Enterprise\Common7\IDE\Extensions\Microsoft\Web Tools Shared\Microsoft.WebTools.Shared.VS.dll" /NoDependencies /ExeConfig:"C:\Program Files\Microsoft Visual Studio\18\Enterprise\Common7\IDE\vsn.exe" /queue:2
08/17/2026 07:46:26.692 [2412]: Executing command from offline queue: install "C:\Program Files\Microsoft Visual Studio\18\Enterprise\MSBuild\Current\Bin\System.Numerics.Vectors.dll" /NoDependencies /ExeConfig:"C:\Program Files\Microsoft Visual Studio\18\Enterprise\MSBuild\Current\Bin\MSBuild.exe" /queue:2
08/17/2026 07:46:26.695 [2412]: Executing command from offline queue: install "C:\Program Files\Microsoft Visual Studio\18\Enterprise\MSBuild\Current\Bin\Microsoft.Build.Utilities.Core.dll" /NoDependencies /ExeConfig:"C:\Program Files\Microsoft Visual Studio\18\Enterprise\MSBuild\Current\Bin\MSBuild.exe" /queue:2
08/17/2026 07:46:26.698 [2412]: Executing command from offline queue: install "C:\Program Files\Microsoft Visual Studio\18\Enterprise\MSBuild\Current\Bin\Microsoft.Build.Utilities.Core.dll" /NoDependencies /ExeConfig:"C:\Program Files\Microsoft Visual Studio\18\Enterprise\Common7\IDE\vsn.exe" /queue:2
08/17/2026 07:46:26.705 [2412]: Executing command from offline queue: install "C:\Program Files\Microsoft Visual Studio\18\Enterprise\MSBuild\Current\Bin\Roslyn\csc.exe" /NoDependencies /ExeConfig:"C:\Program Files\Microsoft Visual Studio\18\Enterprise\MSBuild\Current\Bin\Roslyn\csc.exe" /queue:2
08/17/2026 07:46:26.708 [2412]: Executing command from offline queue: install "C:\Program Files\Microsoft Visual Studio\18\Enterprise\Common7\IDE\CommonExtensions\Microsoft\Project\Microsoft.VisualStudio.ProjectSystem.VS.Implementation.dll" /NoDependencies /ExeConfig:"C:\Program Files\Microsoft Visual Studio\18\Enterprise\Common7\IDE\vsn.exe" /queue:2
08/17/2026 07:46:26.711 [2412]: Executing command from offline queue: install "C:\Program Files\Microsoft Visual Studio\18\Enterprise\Common7\IDE\PrivateAssemblies\Microsoft.VisualStudio.ExtensionEngineContract.dll" /NoDependencies /ExeConfig:"C:\Program Files\Microsoft Visual Studio\18\Enterprise\Common7\IDE\vsn.exe" /queue:2
08/17/2026 07:46:26.715 [2412]: Executing command from offline queue: install "C:\Program Files\Microsoft Visual Studio\18\Enterprise\Common7\IDE\CommonExtensions\Microsoft\FSharp\FSharp.ProjectSystem.FSharp.dll" /NoDependencies /ExeConfig:"C:\Program Files\Microsoft Visual Studio\18\Enterprise\Common7\IDE\vsn.exe" /queue:2
08/17/2026 07:46:26.719 [2412]: Executing command from offline queue: install "C:\Program Files\Microsoft Visual Studio\18\Enterprise\Common7\IDE\CommonExtensions\Microsoft\VBCSharp\LanguageServices\Microsoft.CodeAnalysis.Remote.ServiceHub.dll" /NoDependencies /ExeConfig:"C:\Program Files\Microsoft Visual Studio\18\Enterprise\Common7\IDE\vsn.exe" /queue:2
08/17/2026 07:46:26.723 [2412]: Executing command from offline queue: install "C:\Program Files\Microsoft Visual Studio\18\Enterprise\Common7\IDE\CommonExtensions\Microsoft\FSharp\Tools\fscAnyCpu.exe" /NoDependencies /ExeConfig:"C:\Program Files\Microsoft Visual Studio\18\Enterprise\Common7\IDE\CommonExtensions\Microsoft\FSharp\Tools\fscAnyCpu.exe" /queue:2
08/17/2026 07:46:26.727 [2412]: Executing command from offline queue: install "C:\Program Files\Microsoft Visual Studio\18\Enterprise\MSBuild\Current\Bin\Microsoft.Bcl.AsyncInterfaces.dll" /NoDependencies /ExeConfig:"C:\Program Files\Microsoft Visual Studio\18\Enterprise\MSBuild\Current\Bin\MSBuild.exe" /queue:2
08/17/2026 07:46:26.730 [2412]: Executing command from offline queue: install "C:\Program Files\Microsoft Visual Studio\18\Enterprise\MSBuild\Current\Bin\Microsoft.IO.Redist.dll" /NoDependencies /ExeConfig:"C:\Program Files\Microsoft Visual Studio\18\Enterprise\MSBuild\Current\Bin\MSBuild.exe" /queue:2
08/17/2026 07:46:26.732 [2412]: Executing command from offline queue: install "C:\Program Files\Microsoft Visual Studio\18\Enterprise\MSBuild\Current\Bin\System.Collections.Immutable.dll" /NoDependencies /ExeConfig:"C:\Program Files\Microsoft Visual Studio\18\Enterprise\MSBuild\Current\Bin\MSBuild.exe" /queue:2
08/17/2026 07:46:26.734 [2412]: Executing command from offline queue: install "C:\Program Files\Microsoft Visual Studio\18\Enterprise\Common7\IDE\CommonExtensions\Microsoft\NuGet\NuGet.SolutionRestoreManager.dll" /NoDependencies /ExeConfig:"C:\Program Files\Microsoft Visual Studio\18\Enterprise\Common7\IDE\vsn.exe" /queue:2
08/17/2026 07:46:26.737 [2412]: Executing command from offline queue: install "C:\Program Files\Microsoft Visual Studio\18\Enterprise\MSBuild\Current\Bin\Roslyn\Microsoft.CodeAnalysis.dll" /NoDependencies /ExeConfig:"C:\Program Files\Microsoft Visual Studio\18\Enterprise\MSBuild\Current\Bin\Roslyn\VBCSCompiler.exe" /queue:2
08/17/2026 07:46:26.739 [2412]: Executing command from offline queue: install "C:\Program Files\Microsoft Visual Studio\18\Enterprise\Common7\IDE\CommonExtensions\Microsoft\FSharp\FSharp.Editor.dll" /NoDependencies /ExeConfig:"C:\Program Files\Microsoft Visual Studio\18\Enterprise\Common7\IDE\vsn.exe" /queue:2
08/17/2026 07:46:26.741 [2412]: Executing command from offline queue: install "C:\Program Files\Microsoft Visual Studio\18\Enterprise\MSBuild\Current\Bin\Roslyn\Microsoft.CodeAnalysis.CSharp.dll" /NoDependencies /ExeConfig:"C:\Program Files\Microsoft Visual Studio\18\Enterprise\MSBuild\Current\Bin\Roslyn\VBCSCompiler.exe" /queue:2
08/17/2026 07:46:26.744 [2412]: Executing command from offline queue: install "C:\Program Files\Microsoft Visual Studio\18\Enterprise\Common7\IDE\CommonExtensions\Microsoft\TeamFoundation\Team Explorer\Microsoft.TeamFoundation.Git.dll" /NoDependencies /ExeConfig:"C:\Program Files\Microsoft Visual Studio\18\Enterprise\Common7\IDE\vsn.exe" /queue:2
08/17/2026 07:46:26.746 [2412]: Executing command from offline queue: install "C:\Program Files\Microsoft Visual Studio\18\Enterprise\Common7\IDE\CommonExtensions\Microsoft\Editor\Microsoft.VisualStudio.Language.StandardClassification.dll" /NoDependencies /ExeConfig:"C:\Program Files\Microsoft Visual Studio\18\Enterprise\Common7\IDE\vsn.exe" /queue:2
08/17/2026 07:46:26.749 [2412]: Executing command from offline queue: install "C:\Program Files\Microsoft Visual Studio\18\Enterprise\MSBuild\Current\Bin\System.Threading.Tasks.Extensions.dll" /NoDependencies /ExeConfig:"C:\Program Files\Microsoft Visual Studio\18\Enterprise\MSBuild\Current\Bin\MSBuild.exe" /queue:2
08/17/2026 07:46:26.752 [2412]: Executing command from offline queue: install "C:\Program Files\Microsoft Visual Studio\18\Enterprise\Common7\IDE\CommonExtensions\Microsoft\FSharp\Tools\FSharp.Build.dll" /NoDependencies /ExeConfig:"C:\Program Files\Microsoft Visual Studio\18\Enterprise\Common7\IDE\vsn.exe" /queue:2
08/17/2026 07:46:26.757 [2412]: Executing command from offline queue: install "C:\Program Files\Microsoft Visual Studio\18\Enterprise\Common7\IDE\Microsoft.VisualStudio.PerfWatson.dll" /NoDependencies /ExeConfig:"C:\Program Files\Microsoft Visual Studio\18\Enterprise\Common7\IDE\PerfWatson2.exe" /queue:2
08/17/2026 07:46:26.761 [2412]: Executing command from offline queue: install "C:\Program Files\Microsoft Visual Studio\18\Enterprise\Common7\IDE\CommonExtensions\Microsoft\VBCSharp\LanguageServices\Microsoft.CodeAnalysis.CSharp.dll" /NoDependencies /ExeConfig:"C:\Program Files\Microsoft Visual Studio\18\Enterprise\Common7\IDE\vsn.exe" /queue:2
08/17/2026 07:46:26.763 [2412]: Executing command from offline queue: install "C:\Program Files\Microsoft Visual Studio\18\Enterprise\Common7\IDE\Extensions\TestPlatform\testhost.exe" /NoDependencies /ExeConfig:"C:\Program Files\Microsoft Visual Studio\18\Enterprise\Common7\IDE\Extensions\TestPlatform\testhost.exe" /queue:2
08/17/2026 07:46:26.766 [2412]: Executing command from offline queue: install "C:\Program Files\Microsoft Visual Studio\18\Enterprise\Common7\IDE\CommonExtensions\Microsoft\FSharp\FSharp.Compiler.Service.dll" /NoDependencies /ExeConfig:"C:\Program Files\Microsoft Visual Studio\18\Enterprise\Common7\IDE\vsn.exe" /queue:2
08/17/2026 07:46:26.768 [2412]: Executing command from offline queue: install "C:\Program Files\Microsoft Visual Studio\18\Enterprise\Common7\IDE\Extensions\TestPlatform\testhost.net481.exe" /NoDependencies /ExeConfig:"C:\Program Files\Microsoft Visual Studio\18\Enterprise\Common7\IDE\Extensions\TestPlatform\testhost.net481.exe" /queue:2
08/17/2026 07:46:26.771 [2412]: Executing command from offline queue: install "C:\Program Files\Microsoft Visual Studio\18\Enterprise\Common7\IDE\CommonExtensions\Microsoft\TeamFoundation\Team Explorer\Microsoft.TeamFoundation.Git.Provider.dll" /NoDependencies /ExeConfig:"C:\Program Files\Microsoft Visual Studio\18\Enterprise\Common7\IDE\vsn.exe" /queue:2
08/17/2026 07:46:26.773 [2412]: Executing command from offline queue: install "C:\Program Files\Microsoft Visual Studio\18\Enterprise\MSBuild\Current\Bin\Microsoft.Build.dll" /NoDependencies /ExeConfig:"C:\Program Files\Microsoft Visual Studio\18\Enterprise\Common7\IDE\vsn.exe" /queue:2
08/17/2026 07:46:26.775 [2412]: Executing command from offline queue: install "C:\Program Files\Microsoft Visual Studio\18\Enterprise\MSBuild\Current\Bin\Newtonsoft.Json.dll" /NoDependencies /ExeConfig:"C:\Program Files\Microsoft Visual Studio\18\Enterprise\MSBuild\Current\Bin\amd64\MSBuild.exe" /queue:2
08/17/2026 07:46:26.777 [2412]: Executing command from offline queue: install "C:\Program Files\Microsoft Visual Studio\18\Enterprise\Common7\IDE\CommonExtensions\Microsoft\FSharp\FSharp.ProjectSystem.PropertyPages.dll" /NoDependencies /ExeConfig:"C:\Program Files\Microsoft Visual Studio\18\Enterprise\Common7\IDE\vsn.exe" /queue:2
08/17/2026 07:46:26.779 [2412]: Executing command from offline queue: install "C:\Program Files\Microsoft Visual Studio\18\Enterprise\Common7\IDE\CommonExtensions\Microsoft\NuGet\NuGet.Protocol.dll" /NoDependencies /ExeConfig:"C:\Program Files\Microsoft Visual Studio\18\Enterprise\Common7\IDE\vsn.exe" /queue:2
08/17/2026 07:46:26.781 [2412]: Executing command from offline queue: install "C:\Program Files\Microsoft Visual Studio\18\Enterprise\Common7\IDE\CommonExtensions\Microsoft\FSharp\FSharp.ProjectSystem.Base.dll" /NoDependencies /ExeConfig:"C:\Program Files\Microsoft Visual Studio\18\Enterprise\Common7\IDE\vsn.exe" /queue:2
08/17/2026 07:46:26.784 [2412]: Executing command from offline queue: install "C:\Program Files\Microsoft Visual Studio\18\Enterprise\Common7\IDE\CommonExtensions\Microsoft\TeamFoundation\Team Explorer\Microsoft.TeamFoundation.Git.CoreServices.dll" /NoDependencies /ExeConfig:"C:\Program Files\Microsoft Visual Studio\18\Enterprise\Common7\IDE\vsn.exe" /queue:2
08/17/2026 07:46:26.786 [2412]: Executing command from offline queue: install "C:\Program Files\Microsoft Visual Studio\18\Enterprise\MSBuild\Current\Bin\System.Buffers.dll" /NoDependencies /ExeConfig:"C:\Program Files\Microsoft Visual Studio\18\Enterprise\MSBuild\Current\Bin\MSBuild.exe" /queue:2
08/17/2026 07:46:26.788 [2412]: Executing command from offline queue: install "C:\Program Files\Microsoft Visual Studio\18\Enterprise\Common7\IDE\CommonExtensions\Microsoft\LanguageServer\Microsoft.VisualStudio.LanguageServer.Protocol.dll" /NoDependencies /ExeConfig:"C:\Program Files\Microsoft Visual Studio\18\Enterprise\Common7\IDE\vsn.exe" /queue:2
08/17/2026 07:46:26.790 [2412]: Executing command from offline queue: install "C:\Program Files\Microsoft Visual Studio\18\Enterprise\Common7\IDE\CommonExtensions\Microsoft\NuGet\NuGet.Commands.dll" /NoDependencies /ExeConfig:"C:\Program Files\Microsoft Visual Studio\18\Enterprise\Common7\IDE\vsn.exe" /queue:2
08/17/2026 07:46:26.792 [2412]: Executing command from offline queue: install "C:\Program Files\Microsoft Visual Studio\18\Enterprise\Common7\IDE\CommonExtensions\Microsoft\NuGet\NuGet.Packaging.dll" /NoDependencies /ExeConfig:"C:\Program Files\Microsoft Visual Studio\18\Enterprise\Common7\IDE\vsn.exe" /queue:2
08/17/2026 07:46:26.795 [2412]: Executing command from offline queue: install "C:\Program Files\Microsoft Visual Studio\18\Enterprise\Common7\IDE\CommonExtensions\Microsoft\ServiceHub\microsoft.servicehub.hoststub.dll" /NoDependencies /ExeConfig:"C:\Program Files\Microsoft Visual Studio\18\Enterprise\Common7\IDE\vsn.exe" /queue:2
08/17/2026 07:46:26.797 [2412]: Executing command from offline queue: install "C:\Program Files\Microsoft Visual Studio\18\Enterprise\Common7\IDE\Extensions\Microsoft\Copilot\Microsoft.VisualStudio.Completions.dll" /NoDependencies /ExeConfig:"C:\Program Files\Microsoft Visual Studio\18\Enterprise\Common7\IDE\vsn.exe" /queue:2
08/17/2026 07:46:26.799 [2412]: Executing command from offline queue: install "C:\Program Files\Microsoft Visual Studio\18\Enterprise\Common7\IDE\CommonExtensions\Microsoft\FSharp\Tools\FSharp.Compiler.Interactive.Settings.dll" /NoDependencies /ExeConfig:"C:\Program Files\Microsoft Visual Studio\18\Enterprise\Common7\IDE\vsn.exe" /queue:2
08/17/2026 07:46:26.801 [2412]: Executing command from offline queue: install "C:\Program Files\Microsoft Visual Studio\18\Enterprise\Common7\IDE\CommonExtensions\Microsoft\LanguageServer\Microsoft.VisualStudio.LanguageServer.Client.Implementation.dll" /NoDependencies /ExeConfig:"C:\Program Files\Microsoft Visual Studio\18\Enterprise\Common7\IDE\vsn.exe" /queue:2
08/17/2026 07:46:26.806 [2412]: Executing command from offline queue: install "C:\Program Files\Microsoft Visual Studio\18\Enterprise\SharedAssemblies\System.Threading.Tasks.Extensions\4.2.4.0\4.6.3\netfx\System.Threading.Tasks.Extensions.dll" /NoDependencies /ExeConfig:"C:\Program Files\Microsoft Visual Studio\18\Enterprise\Common7\IDE\vsn.exe" /queue:2
08/17/2026 07:46:26.810 [2412]: Executing command from offline queue: install "C:\Program Files\Microsoft Visual Studio\18\Enterprise\Common7\IDE\PrivateAssemblies\PolyType.1.x\PolyType.dll" /NoDependencies /ExeConfig:"C:\Program Files\Microsoft Visual Studio\18\Enterprise\Common7\IDE\vsn.exe" /queue:2
08/17/2026 07:46:26.813 [2412]: Executing command from offline queue: install "C:\Program Files\Microsoft Visual Studio\18\Enterprise\Common7\IDE\Extensions\Microsoft\Aspire\Microsoft.WebTools.Aspire.MSBuild.dll" /NoDependencies /ExeConfig:"C:\Program Files\Microsoft Visual Studio\18\Enterprise\Common7\IDE\vsn.exe" /queue:3
08/17/2026 07:46:26.816 [2412]: Executing command from offline queue: install "C:\Program Files\Microsoft Visual Studio\18\Enterprise\SharedAssemblies\System.Buffers\4.0.5.0\4.6.1\netfx\System.Buffers.dll" /NoDependencies /ExeConfig:"C:\Program Files\Microsoft Visual Studio\18\Enterprise\Common7\IDE\vsn.exe" /queue:3
08/17/2026 07:46:26.819 [2412]: Executing command from offline queue: install "C:\Program Files\Microsoft Visual Studio\18\Enterprise\Common7\IDE\CommonExtensions\Microsoft\Editorconfig\Command\Templates.Editorconfig.Wizard.dll" /NoDependencies /ExeConfig:"C:\Program Files\Microsoft Visual Studio\18\Enterprise\Common7\IDE\vsn.exe" /queue:3
08/17/2026 07:46:26.822 [2412]: Executing command from offline queue: install "C:\Program Files\Microsoft Visual Studio\18\Enterprise\SharedAssemblies\System.Threading.Channels\10.0.0.8\10.0.8\netfx\System.Threading.Channels.dll" /NoDependencies /ExeConfig:"C:\Program Files\Microsoft Visual Studio\18\Enterprise\Common7\IDE\vsn.exe" /queue:3
08/17/2026 07:46:26.825 [2412]: Executing command from offline queue: install "C:\Program Files\Microsoft Visual Studio\18\Enterprise\Common7\IDE\CommonExtensions\Microsoft\OpenFolder\Microsoft.VisualStudio.Workspace.VSIntegration.dll" /NoDependencies /ExeConfig:"C:\Program Files\Microsoft Visual Studio\18\Enterprise\Common7\IDE\vsn.exe" /queue:3
08/17/2026 07:46:26.828 [2412]: Executing command from offline queue: install "C:\Program Files\Microsoft Visual Studio\18\Enterprise\Common7\IDE\PrivateAssemblies\Microsoft.VisualStudio.QualityTools.Resource.dll" /NoDependencies /ExeConfig:"C:\Program Files\Microsoft Visual Studio\18\Enterprise\Common7\IDE\vsn.exe" /queue:3
08/17/2026 07:46:26.831 [2412]: Executing command from offline queue: install "C:\Program Files\Microsoft Visual Studio\18\Enterprise\Common7\IDE\CommonExtensions\Microsoft\TeamFoundation\Team Explorer\Microsoft.TeamFoundation.VersionControl.Common.Integration.dll" /NoDependencies /ExeConfig:"C:\Program Files\Microsoft Visual Studio\18\Enterprise\Common7\IDE\vsn.exe" /queue:3
08/17/2026 07:46:26.834 [2412]: Executing command from offline queue: install "C:\Program Files\Microsoft Visual Studio\18\Enterprise\Common7\IDE\PublicAssemblies\Microsoft.VisualStudio.Debugger.Parallel.MultiValueVisualizers.dll" /NoDependencies /ExeConfig:"C:\Program Files\Microsoft Visual Studio\18\Enterprise\Common7\IDE\vsn.exe" /queue:3
08/17/2026 07:46:26.837 [2412]: Executing command from offline queue: install "C:\Program Files\Microsoft Visual Studio\18\Enterprise\Common7\IDE\CommonExtensions\Microsoft\VBCSharp\LanguageServices\Microsoft.CodeAnalysis.Scripting.dll" /NoDependencies /ExeConfig:"C:\Program Files\Microsoft Visual Studio\18\Enterprise\Common7\IDE\vsn.exe" /queue:3
08/17/2026 07:46:26.839 [2412]: Executing command from offline queue: install "C:\Program Files\Microsoft Visual Studio\18\Enterprise\Common7\IDE\CommonExtensions\Microsoft\TeamFoundation\Team Explorer\Microsoft.VisualStudio.Merge.dll" /NoDependencies /ExeConfig:"C:\Program Files\Microsoft Visual Studio\18\Enterprise\Common7\IDE\vsn.exe" /queue:3
08/17/2026 07:46:26.842 [2412]: Executing command from offline queue: install "C:\Program Files\Microsoft Visual Studio\18\Enterprise\Common7\IDE\CommonExtensions\Microsoft\FSharp\FSharp.UIResources.dll" /NoDependencies /ExeConfig:"C:\Program Files\Microsoft Visual Studio\18\Enterprise\Common7\IDE\vsn.exe" /queue:3
08/17/2026 07:46:26.845 [2412]: Executing command from offline queue: install "C:\Program Files\Microsoft Visual Studio\18\Enterprise\Common7\IDE\PrivateAssemblies\Microsoft.VisualStudio.ArchitectureTools.Telemetry.dll" /NoDependencies /ExeConfig:"C:\Program Files\Microsoft Visual Studio\18\Enterprise\Common7\IDE\vsn.exe" /queue:3
08/17/2026 07:46:26.848 [2412]: Executing command from offline queue: install "C:\Program Files\Microsoft Visual Studio\18\Enterprise\Common7\IDE\CommonExtensions\Microsoft\VBCSharp\LiveUnitTesting\Microsoft.VisualStudio.TestWindow.Internal.dll" /NoDependencies /ExeConfig:"C:\Program Files\Microsoft Visual Studio\18\Enterprise\Common7\IDE\vsn.exe" /queue:3
08/17/2026 07:46:26.851 [2412]: Executing command from offline queue: install "C:\Program Files\Microsoft Visual Studio\18\Enterprise\Common7\IDE\CommonExtensions\Microsoft\Windows.Forms\Microsoft.WinForms.DesignTools.Client.dll" /NoDependencies /ExeConfig:"C:\Program Files\Microsoft Visual Studio\18\Enterprise\Common7\IDE\vsn.exe" /queue:3
08/17/2026 07:46:26.853 [2412]: Executing command from offline queue: install "C:\Program Files\Microsoft Visual Studio\18\Enterprise\Common7\IDE\CommonExtensions\Microsoft\TeamFoundation\Team Explorer\Microsoft.TeamFoundation.TestManagement.Controller.dll" /NoDependencies /ExeConfig:"C:\Program Files\Microsoft Visual Studio\18\Enterprise\Common7\IDE\vsn.exe" /queue:3
08/17/2026 07:46:26.855 [2412]: Executing command from offline queue: install "C:\Program Files\Microsoft Visual Studio\18\Enterprise\Common7\IDE\PrivateAssemblies\Microsoft.VisualStudio.DesignTools.XamlTapContract.dll" /NoDependencies /ExeConfig:"C:\Program Files\Microsoft Visual Studio\18\Enterprise\Common7\IDE\vsn.exe" /queue:3
08/17/2026 07:46:26.857 [2412]: Executing command from offline queue: install "C:\Program Files\Microsoft Visual Studio\18\Enterprise\Common7\IDE\PrivateAssemblies\Microsoft.VisualStudio.TestImpact.Analysis.dll" /NoDependencies /ExeConfig:"C:\Program Files\Microsoft Visual Studio\18\Enterprise\Common7\IDE\vsn.exe" /queue:3
08/17/2026 07:46:26.859 [2412]: Executing command from offline queue: install "C:\Program Files\Microsoft Visual Studio\18\Enterprise\Common7\IDE\CommonExtensions\Microsoft\VBCSharp\LiveUnitTesting\Microsoft.CodeAnalysis.LiveUnitTesting.Aggregator.dll" /NoDependencies /ExeConfig:"C:\Program Files\Microsoft Visual Studio\18\Enterprise\Common7\IDE\vsn.exe" /queue:3
08/17/2026 07:46:26.864 [2412]: Executing command from offline queue: install "C:\Program Files\Microsoft Visual Studio\18\Enterprise\Common7\IDE\CommonExtensions\Microsoft\VBCSharp\LanguageServices\Microsoft.CodeAnalysis.CSharp.Workspaces.dll" /NoDependencies /ExeConfig:"C:\Program Files\Microsoft Visual Studio\18\Enterprise\Common7\IDE\vsn.exe" /queue:3
08/17/2026 07:46:26.867 [2412]: Executing command from offline queue: install "C:\Program Files\Microsoft Visual Studio\18\Enterprise\Common7\IDE\AppLocalWPF\Microsoft.Private.Windows.Core.dll" /NoDependencies /ExeConfig:"C:\Program Files\Microsoft Visual Studio\18\Enterprise\Common7\IDE\vsn.exe" /queue:3
08/17/2026 07:46:26.869 [2412]: Executing command from offline queue: install "C:\Program Files\Microsoft Visual Studio\18\Enterprise\MSBuild\Current\Bin\amd64\Microsoft.Build.Tasks.Core.dll" /NoDependencies /ExeConfig:"C:\Program Files\Microsoft Visual Studio\18\Enterprise\Common7\IDE\vsn.exe" /queue:3
08/17/2026 07:46:26.871 [2412]: Executing command from offline queue: install "C:\Program Files\Microsoft Visual Studio\18\Enterprise\Common7\IDE\CommonExtensions\Microsoft\VBCSharp\LanguageServices\Microsoft.CodeAnalysis.LanguageServer.Protocol.dll" /NoDependencies /ExeConfig:"C:\Program Files\Microsoft Visual Studio\18\Enterprise\Common7\IDE\vsn.exe" /queue:3
08/17/2026 07:46:26.874 [2412]: Executing command from offline queue: install "C:\Program Files\Microsoft Visual Studio\18\Enterprise\Common7\IDE\CommonExtensions\Microsoft\TeamFoundation\Team Explorer\Microsoft.TeamFoundation.TestManagement.ClientPackage.dll" /NoDependencies /ExeConfig:"C:\Program Files\Microsoft Visual Studio\18\Enterprise\Common7\IDE\vsn.exe" /queue:3
08/17/2026 07:46:26.876 [2412]: Executing command from offline queue: install "C:\Program Files\Microsoft Visual Studio\18\Enterprise\Common7\IDE\PrivateAssemblies\Microsoft.VisualStudio.Modeling.Sdk.Shell.dll" /NoDependencies /ExeConfig:"C:\Program Files\Microsoft Visual Studio\18\Enterprise\Common7\IDE\vsn.exe" /queue:3
08/17/2026 07:46:26.878 [2412]: Executing command from offline queue: install "C:\Program Files\Microsoft Visual Studio\18\Enterprise\Common7\IDE\CommonExtensions\Microsoft\Terminal\Microsoft.VisualStudio.Terminal.dll" /NoDependencies /ExeConfig:"C:\Program Files\Microsoft Visual Studio\18\Enterprise\Common7\IDE\vsn.exe" /queue:3
08/17/2026 07:46:26.880 [2412]: Executing command from offline queue: install "C:\Program Files\Microsoft Visual Studio\18\Enterprise\Common7\IDE\CommonExtensions\Microsoft\TeamFoundation\Team Explorer\Microsoft.VisualStudio.Services.CodeReview.WebApi.dll" /NoDependencies /ExeConfig:"C:\Program Files\Microsoft Visual Studio\18\Enterprise\Common7\IDE\vsn.exe" /queue:3
08/17/2026 07:46:26.882 [2412]: Executing command from offline queue: install "C:\Program Files\Microsoft Visual Studio\18\Enterprise\SharedAssemblies\Microsoft.VisualStudio.Validation\18.7.0.0\18.7.1\netfx\Microsoft.VisualStudio.Validation.dll" /NoDependencies /ExeConfig:"C:\Program Files\Microsoft Visual Studio\18\Enterprise\Common7\IDE\vsn.exe" /queue:3
08/17/2026 07:46:26.884 [2412]: Executing command from offline queue: install "C:\Program Files\Microsoft Visual Studio\18\Enterprise\Common7\IDE\PrivateAssemblies\Microsoft.Extensions.AI.Abstractions.dll" /NoDependencies /ExeConfig:"C:\Program Files\Microsoft Visual Studio\18\Enterprise\Common7\IDE\vsn.exe" /queue:3
08/17/2026 07:46:26.887 [2412]: Executing command from offline queue: install "C:\Program Files\Microsoft Visual Studio\18\Enterprise\SharedAssemblies\System.Numerics.Vectors\4.1.6.0\4.6.1\netfx\System.Numerics.Vectors.dll" /NoDependencies /ExeConfig:"C:\Program Files\Microsoft Visual Studio\18\Enterprise\Common7\IDE\vsn.exe" /queue:3
08/17/2026 07:46:26.890 [2412]: Executing command from offline queue: install "C:\Program Files\Microsoft Visual Studio\18\Enterprise\Common7\IDE\PrivateAssemblies\Microsoft.VisualStudio.TemplateProviders.Implementation.dll" /NoDependencies /ExeConfig:"C:\Program Files\Microsoft Visual Studio\18\Enterprise\Common7\IDE\vsn.exe" /queue:3
08/17/2026 07:46:26.892 [2412]: Executing command from offline queue: install "C:\Program Files\Microsoft Visual Studio\18\Enterprise\MSBuild\Current\Bin\Roslyn\System.Buffers.dll" /NoDependencies /ExeConfig:"C:\Program Files\Microsoft Visual Studio\18\Enterprise\MSBuild\Current\Bin\Roslyn\VBCSCompiler.exe" /queue:3
08/17/2026 07:46:26.894 [2412]: Executing command from offline queue: install "C:\Program Files\Microsoft Visual Studio\18\Enterprise\Common7\IDE\CommonExtensions\Microsoft\VBCSharp\LanguageServices\Microsoft.CodeAnalysis.CSharp.Features.dll" /NoDependencies /ExeConfig:"C:\Program Files\Microsoft Visual Studio\18\Enterprise\Common7\IDE\vsn.exe" /queue:3
08/17/2026 07:46:26.897 [2412]: Executing command from offline queue: install "C:\Program Files\Microsoft Visual Studio\18\Enterprise\Common7\IDE\PrivateAssemblies\Microsoft.Alm.Shared.dll" /NoDependencies /ExeConfig:"C:\Program Files\Microsoft Visual Studio\18\Enterprise\Common7\IDE\vsn.exe" /queue:3
08/17/2026 07:46:26.900 [2412]: Executing command from offline queue: install "C:\Program Files\Microsoft Visual Studio\18\Enterprise\Common7\IDE\PublicAssemblies\System.Text.Encoding.CodePages.dll" /NoDependencies /ExeConfig:"C:\Program Files\Microsoft Visual Studio\18\Enterprise\Common7\IDE\vsn.exe" /queue:3
08/17/2026 07:46:26.903 [2412]: Executing command from offline queue: install "C:\Program Files\Microsoft Visual Studio\18\Enterprise\Common7\IDE\AppLocalWPF\System.Windows.Controls.Ribbon.dll" /NoDependencies /ExeConfig:"C:\Program Files\Microsoft Visual Studio\18\Enterprise\Common7\IDE\vsn.exe" /queue:3
08/17/2026 07:46:26.906 [2412]: Executing command from offline queue: install "C:\Program Files\Microsoft Visual Studio\18\Enterprise\MSBuild\Current\Bin\Roslyn\System.Threading.Tasks.Extensions.dll" /NoDependencies /ExeConfig:"C:\Program Files\Microsoft Visual Studio\18\Enterprise\MSBuild\Current\Bin\Roslyn\VBCSCompiler.exe" /queue:3
08/17/2026 07:46:26.911 [2412]: Executing command from offline queue: install "C:\Program Files\Microsoft Visual Studio\18\Enterprise\MSBuild\Microsoft\VisualStudio\v18.0\TextTemplating\Microsoft.VisualStudio.TextTemplating.Interfaces.11.0.dll" /NoDependencies /ExeConfig:"C:\Program Files\Microsoft Visual Studio\18\Enterprise\Common7\IDE\vsn.exe" /queue:3
08/17/2026 07:46:26.914 [2412]: Executing command from offline queue: install "C:\Program Files\Microsoft Visual Studio\18\Enterprise\MSBuild\Current\Bin\Roslyn\System.Reflection.Metadata.dll" /NoDependencies /ExeConfig:"C:\Program Files\Microsoft Visual Studio\18\Enterprise\MSBuild\Current\Bin\Roslyn\VBCSCompiler.exe" /queue:3
08/17/2026 07:46:26.917 [2412]: Executing command from offline queue: install "C:\Program Files\Microsoft Visual Studio\18\Enterprise\Common7\IDE\TestTools\TeamExplorerClient\Microsoft.TeamFoundation.WorkItemTracking.Client.DataStoreLoader.dll" /NoDependencies /ExeConfig:"C:\Program Files\Microsoft Visual Studio\18\Enterprise\Common7\IDE\vsn.exe" /queue:3
08/17/2026 07:46:26.920 [2412]: Executing command from offline queue: install "C:\Program Files\Microsoft Visual Studio\18\Enterprise\Common7\IDE\AppLocalWPF\System.Windows.Primitives.dll" /NoDependencies /ExeConfig:"C:\Program Files\Microsoft Visual Studio\18\Enterprise\Common7\IDE\vsn.exe" /queue:3
08/17/2026 07:46:26.923 [2412]: Executing command from offline queue: install "C:\Program Files\Microsoft Visual Studio\18\Enterprise\Common7\IDE\PrivateAssemblies\System.IO.FileSystem.AccessControl.dll" /NoDependencies /ExeConfig:"C:\Program Files\Microsoft Visual Studio\18\Enterprise\Common7\IDE\vsn.exe" /queue:3
08/17/2026 07:46:26.926 [2412]: Executing command from offline queue: install "C:\Program Files\Microsoft Visual Studio\18\Enterprise\Common7\IDE\CommonExtensions\Microsoft\TeamFoundation\Team Explorer\Octokit.GraphQL.Core.dll" /NoDependencies /ExeConfig:"C:\Program Files\Microsoft Visual Studio\18\Enterprise\Common7\IDE\vsn.exe" /queue:3
08/17/2026 07:46:26.930 [2412]: Executing command from offline queue: install "C:\Program Files\Microsoft Visual Studio\18\Enterprise\Common7\IDE\CommonExtensions\Microsoft\VBCSharp\LiveUnitTesting\Microsoft.CodeAnalysis.LiveUnitTesting.TestDriver.dll" /NoDependencies /ExeConfig:"C:\Program Files\Microsoft Visual Studio\18\Enterprise\Common7\IDE\vsn.exe" /queue:3
08/17/2026 07:46:26.932 [2412]: Executing command from offline queue: install "C:\Program Files\Microsoft Visual Studio\18\Enterprise\Common7\IDE\CommonExtensions\Microsoft\VBCSharp\LiveUnitTesting\Microsoft.CodeAnalysis.LiveUnitTesting.EntryPoint.dll" /NoDependencies /ExeConfig:"C:\Program Files\Microsoft Visual Studio\18\Enterprise\Common7\IDE\vsn.exe" /queue:3
08/17/2026 07:46:26.934 [2412]: Executing command from offline queue: install "C:\Program Files\Microsoft Visual Studio\18\Enterprise\Common7\IDE\CommonExtensions\Microsoft\VBCSharp\SourceBasedTestDiscovery\Microsoft.CodeAnalysis.UnitTesting.SourceBasedTestDiscovery.Core.dll" /NoDependencies /ExeConfig:"C:\Program Files\Microsoft Visual Studio\18\Enterprise\Common7\IDE\vsn.exe" /queue:3
08/17/2026 07:46:26.935 [2412]: Executing command from offline queue: install "C:\Program Files\Microsoft Visual Studio\18\Enterprise\Common7\IDE\AppLocalWPF\PresentationFramework.Royale.dll" /NoDependencies /ExeConfig:"C:\Program Files\Microsoft Visual Studio\18\Enterprise\Common7\IDE\vsn.exe" /queue:3
08/17/2026 07:46:26.938 [2412]: Executing command from offline queue: install "C:\Program Files\Microsoft Visual Studio\18\Enterprise\Team Tools\Performance Tools\Microsoft.VisualStudio.PerformanceTools.Visualization.dll" /NoDependencies /ExeConfig:"C:\Program Files\Microsoft Visual Studio\18\Enterprise\Common7\IDE\vsn.exe" /queue:3
08/17/2026 07:46:26.941 [2412]: Executing command from offline queue: install "C:\Program Files\Microsoft Visual Studio\18\Enterprise\Common7\IDE\CommonExtensions\Microsoft\VBCSharp\ExpressionEvaluators\Microsoft.CodeAnalysis.CSharp.ExpressionEvaluator.ExpressionCompiler.dll" /NoDependencies /ExeConfig:"C:\Program Files\Microsoft Visual Studio\18\Enterprise\Common7\IDE\vsn.exe" /queue:3
08/17/2026 07:46:26.943 [2412]: Executing command from offline queue: install "C:\Program Files\Microsoft Visual Studio\18\Enterprise\Common7\IDE\PrivateAssemblies\Microsoft.VisualStudio.DesignTools.RuntimeHost.dll" /NoDependencies /ExeConfig:"C:\Program Files\Microsoft Visual Studio\18\Enterprise\Common7\IDE\vsn.exe" /queue:3
08/17/2026 07:46:26.946 [2412]: Executing command from offline queue: install "C:\Program Files\Microsoft Visual Studio\18\Enterprise\Common7\IDE\Extensions\Microsoft\Copilot\Microsoft.VisualStudio.Copilot.Common.dll" /NoDependencies /ExeConfig:"C:\Program Files\Microsoft Visual Studio\18\Enterprise\Common7\IDE\vsn.exe" /queue:3
08/17/2026 07:46:26.949 [2412]: Executing command from offline queue: install "C:\Program Files\Microsoft Visual Studio\18\Enterprise\MSBuild\Current\Bin\amd64\Microsoft.Build.Framework.dll" /NoDependencies /ExeConfig:"C:\Program Files\Microsoft Visual Studio\18\Enterprise\Common7\IDE\vsn.exe" /queue:3
08/17/2026 07:46:26.952 [2412]: Executing command from offline queue: install "C:\Program Files\Microsoft Visual Studio\18\Enterprise\Common7\IDE\PrivateAssemblies\Microsoft.VisualStudio.DesignTools.MobileTapContracts.dll" /NoDependencies /ExeConfig:"C:\Program Files\Microsoft Visual Studio\18\Enterprise\Common7\IDE\vsn.exe" /queue:3
08/17/2026 07:46:26.955 [2412]: Executing command from offline queue: install "C:\Program Files\Microsoft Visual Studio\18\Enterprise\Common7\IDE\CommonExtensions\Microsoft\TeamFoundation\Team Explorer\Microsoft.Bcl.Memory.dll" /NoDependencies /ExeConfig:"C:\Program Files\Microsoft Visual Studio\18\Enterprise\Common7\IDE\vsn.exe" /queue:3
08/17/2026 07:46:26.958 [2412]: Executing command from offline queue: install "C:\Program Files\Microsoft Visual Studio\18\Enterprise\Common7\IDE\PrivateAssemblies\Microsoft.VisualStudio.DesignTools.Utility.dll" /NoDependencies /ExeConfig:"C:\Program Files\Microsoft Visual Studio\18\Enterprise\Common7\IDE\vsn.exe" /queue:3
08/17/2026 07:46:26.960 [2412]: Executing command from offline queue: install "C:\Program Files\Microsoft Visual Studio\18\Enterprise\Common7\IDE\PrivateAssemblies\Microsoft.VisualStudio.TeamSystem.Licensing.dll" /NoDependencies /ExeConfig:"C:\Program Files\Microsoft Visual Studio\18\Enterprise\Common7\IDE\vsn.exe" /queue:3
08/17/2026 07:46:26.963 [2412]: Executing command from offline queue: install "C:\Program Files\Microsoft Visual Studio\18\Enterprise\Common7\IDE\PrivateAssemblies\Microsoft.VisualStudio.Services.Gallery.WebApi.dll" /NoDependencies /ExeConfig:"C:\Program Files\Microsoft Visual Studio\18\Enterprise\Common7\IDE\vsn.exe" /queue:3
08/17/2026 07:46:26.966 [2412]: Executing command from offline queue: install "C:\Program Files\Microsoft Visual Studio\18\Enterprise\Common7\IDE\CommonExtensions\Microsoft\OpenFolder\Microsoft.VisualStudio.Workspace.Extensions.dll" /NoDependencies /ExeConfig:"C:\Program Files\Microsoft Visual Studio\18\Enterprise\Common7\IDE\vsn.exe" /queue:3
08/17/2026 07:46:26.971 [2412]: Executing command from offline queue: install "C:\Program Files\Microsoft Visual Studio\18\Enterprise\MSBuild\Current\Bin\amd64\System.Buffers.dll" /NoDependencies /ExeConfig:"C:\Program Files\Microsoft Visual Studio\18\Enterprise\Common7\IDE\vsn.exe" /queue:3
08/17/2026 07:46:26.974 [2412]: Executing command from offline queue: install "C:\Program Files\Microsoft Visual Studio\18\Enterprise\Common7\IDE\CommonExtensions\Microsoft\Editor\Microsoft.VisualStudio.Language.dll" /NoDependencies /ExeConfig:"C:\Program Files\Microsoft Visual Studio\18\Enterprise\Common7\IDE\vsn.exe" /queue:3
08/17/2026 07:46:26.976 [2412]: Executing command from offline queue: install "C:\Program Files\Microsoft Visual Studio\18\Enterprise\Common7\IDE\CommonExtensions\Platform\DiagnosticsHub\Microsoft.DiagnosticsHub.Runtime.dll" /NoDependencies /ExeConfig:"C:\Program Files\Microsoft Visual Studio\18\Enterprise\Common7\IDE\vsn.exe" /queue:3
08/17/2026 07:46:26.979 [2412]: Executing command from offline queue: install "C:\Program Files\Microsoft Visual Studio\18\Enterprise\Common7\IDE\CommonExtensions\Microsoft\TeamFoundation\Team Explorer\Microsoft.TeamFoundation.WorkItemTracking.WebApi.dll" /NoDependencies /ExeConfig:"C:\Program Files\Microsoft Visual Studio\18\Enterprise\Common7\IDE\vsn.exe" /queue:3
08/17/2026 07:46:26.981 [2412]: Executing command from offline queue: install "C:\Program Files\Microsoft Visual Studio\18\Enterprise\Common7\IDE\PrivateAssemblies\DiagnosticsHub.Packaging.Managed.dll" /NoDependencies /ExeConfig:"C:\Program Files\Microsoft Visual Studio\18\Enterprise\Common7\IDE\vsn.exe" /queue:3
08/17/2026 07:46:26.984 [2412]: Executing command from offline queue: install "C:\Program Files\Microsoft Visual Studio\18\Enterprise\Common7\IDE\PublicAssemblies\Microsoft.VisualStudio.TextTemplating.Interfaces.10.0.dll" /NoDependencies /ExeConfig:"C:\Program Files\Microsoft Visual Studio\18\Enterprise\Common7\IDE\vsn.exe" /queue:3
08/17/2026 07:46:26.986 [2412]: Executing command from offline queue: install "C:\Program Files\Microsoft Visual Studio\18\Enterprise\Common7\IDE\PublicAssemblies\Microsoft.Extensions.DependencyInjection.Abstractions.dll" /NoDependencies /ExeConfig:"C:\Program Files\Microsoft Visual Studio\18\Enterprise\Common7\IDE\vsn.exe" /queue:3
08/17/2026 07:46:26.989 [2412]: Executing command from offline queue: install "C:\Program Files\Microsoft Visual Studio\18\Enterprise\Common7\IDE\PrivateAssemblies\Microsoft.VisualStudio.vil.dll" /NoDependencies /ExeConfig:"C:\Program Files\Microsoft Visual Studio\18\Enterprise\Common7\IDE\vsn.exe" /queue:3
08/17/2026 07:46:26.992 [2412]: Executing command from offline queue: install "C:\Program Files\Microsoft Visual Studio\18\Enterprise\Common7\IDE\PrivateAssemblies\Microsoft.VisualStudio.Setup.Download.dll" /NoDependencies /ExeConfig:"C:\Program Files\Microsoft Visual Studio\18\Enterprise\Common7\IDE\vsn.exe" /queue:3
08/17/2026 07:46:26.994 [2412]: Executing command from offline queue: install "C:\Program Files\Microsoft Visual Studio\18\Enterprise\Common7\IDE\CommonExtensions\Microsoft\NuGet\NuGet.Common.dll" /NoDependencies /ExeConfig:"C:\Program Files\Microsoft Visual Studio\18\Enterprise\Common7\IDE\vsn.exe" /queue:3
08/17/2026 07:46:26.996 [2412]: Executing command from offline queue: install "C:\Program Files\Microsoft Visual Studio\18\Enterprise\Common7\IDE\CommonExtensions\Microsoft\OpenFolder\Microsoft.VisualStudio.Workspace.dll" /NoDependencies /ExeConfig:"C:\Program Files\Microsoft Visual Studio\18\Enterprise\Common7\IDE\vsn.exe" /queue:3
08/17/2026 07:46:26.998 [2412]: Executing command from offline queue: install "C:\Program Files\Microsoft Visual Studio\18\Enterprise\Common7\IDE\Microsoft.VisualStudio.Imaging.dll" /NoDependencies /ExeConfig:"C:\Program Files\Microsoft Visual Studio\18\Enterprise\Common7\IDE\vsn.exe" /queue:3
08/17/2026 07:46:27.000 [2412]: Executing command from offline queue: install "C:\Program Files\Microsoft Visual Studio\18\Enterprise\Common7\IDE\PublicAssemblies\Microsoft.Extensions.Logging.Configuration.dll" /NoDependencies /ExeConfig:"C:\Program Files\Microsoft Visual Studio\18\Enterprise\Common7\IDE\vsn.exe" /queue:3
08/17/2026 07:46:27.002 [2412]: Executing command from offline queue: install "C:\Program Files\Microsoft Visual Studio\18\Enterprise\Common7\IDE\Extensions\Microsoft\CodeSense\Framework\Microsoft.VisualStudio.CodeSense.Roslyn.dll" /NoDependencies /ExeConfig:"C:\Program Files\Microsoft Visual Studio\18\Enterprise\Common7\IDE\vsn.exe" /queue:3
08/17/2026 07:46:27.004 [2412]: Executing command from offline queue: install "C:\Program Files\Microsoft Visual Studio\18\Enterprise\Common7\IDE\AppLocalWPF\PresentationFramework.Aero2.dll" /NoDependencies /ExeConfig:"C:\Program Files\Microsoft Visual Studio\18\Enterprise\Common7\IDE\vsn.exe" /queue:3
08/17/2026 07:46:27.006 [2412]: Executing command from offline queue: install "C:\Program Files\Microsoft Visual Studio\18\Enterprise\Common7\IDE\PublicAssemblies\Microsoft.VisualStudio.QualityTools.ExecutionCommon.dll" /NoDependencies /ExeConfig:"C:\Program Files\Microsoft Visual Studio\18\Enterprise\Common7\IDE\vsn.exe" /queue:3
08/17/2026 07:46:27.008 [2412]: Executing command from offline queue: install "C:\Program Files\Microsoft Visual Studio\18\Enterprise\Common7\IDE\CommonExtensions\Microsoft\TeamFoundation\SCC Code Lenses\Microsoft.VisualStudio.CodeSense.FileIndicator.Provider.dll" /NoDependencies /ExeConfig:"C:\Program Files\Microsoft Visual Studio\18\Enterprise\Common7\IDE\vsn.exe" /queue:3
08/17/2026 07:46:27.011 [2412]: Executing command from offline queue: install "C:\Program Files\Microsoft Visual Studio\18\Enterprise\Common7\IDE\CommonExtensions\Microsoft\TeamFoundation\SCC Code Lenses\Microsoft.CodeSense.Local.Core.dll" /NoDependencies /ExeConfig:"C:\Program Files\Microsoft Visual Studio\18\Enterprise\Common7\IDE\vsn.exe" /queue:3
08/17/2026 07:46:27.015 [2412]: Executing command from offline queue: install "C:\Program Files\Microsoft Visual Studio\18\Enterprise\Common7\IDE\PrivateAssemblies\Microsoft.VisualStudio.DeveloperTools.dll" /NoDependencies /ExeConfig:"C:\Program Files\Microsoft Visual Studio\18\Enterprise\Common7\IDE\vsn.exe" /queue:3
08/17/2026 07:46:27.018 [2412]: Executing command from offline queue: install "C:\Program Files\Microsoft Visual Studio\18\Enterprise\Common7\IDE\PublicAssemblies\Rx\System.Reactive.dll" /NoDependencies /ExeConfig:"C:\Program Files\Microsoft Visual Studio\18\Enterprise\Common7\IDE\vsn.exe" /queue:3
08/17/2026 07:46:27.020 [2412]: Executing command from offline queue: install "C:\Program Files\Microsoft Visual Studio\18\Enterprise\Common7\IDE\PrivateAssemblies\Microsoft.VisualStudio.DesignTools.DesignerContractBase.dll" /NoDependencies /ExeConfig:"C:\Program Files\Microsoft Visual Studio\18\Enterprise\Common7\IDE\vsn.exe" /queue:3
08/17/2026 07:46:27.025 [2412]: Executing command from offline queue: install "C:\Program Files\Microsoft Visual Studio\18\Enterprise\Common7\IDE\CommonExtensions\Microsoft\TeamFoundation\SCC Code Lenses\Microsoft.TeamFoundation.CodeSense.Client.Changes.dll" /NoDependencies /ExeConfig:"C:\Program Files\Microsoft Visual Studio\18\Enterprise\Common7\IDE\vsn.exe" /queue:3
08/17/2026 07:46:27.027 [2412]: Executing command from offline queue: install "C:\Program Files\Microsoft Visual Studio\18\Enterprise\Common7\IDE\Remote Debugger\x64\Microsoft.VisualStudio.Debugger.Metadata.dll" /NoDependencies /ExeConfig:"C:\Program Files\Microsoft Visual Studio\18\Enterprise\Common7\IDE\Remote Debugger\x64\msvsmon.exe" /queue:3
08/17/2026 07:46:27.029 [2412]: Executing command from offline queue: install "C:\Program Files\Microsoft Visual Studio\18\Enterprise\Common7\IDE\CommonExtensions\Microsoft\VBCSharp\LanguageServices\Microsoft.CodeAnalysis.ExternalAccess.Debugger.dll" /NoDependencies /ExeConfig:"C:\Program Files\Microsoft Visual Studio\18\Enterprise\Common7\IDE\vsn.exe" /queue:3
08/17/2026 07:46:27.031 [2412]: Executing command from offline queue: install "C:\Program Files\Microsoft Visual Studio\18\Enterprise\Common7\IDE\CommonExtensions\Platform\TreeNavigation\Microsoft.VisualStudio.Shell.TreeNavigation.HierarchyProvider.dll" /NoDependencies /ExeConfig:"C:\Program Files\Microsoft Visual Studio\18\Enterprise\Common7\IDE\vsn.exe" /queue:3
08/17/2026 07:46:27.033 [2412]: Executing command from offline queue: install "C:\Program Files\Microsoft Visual Studio\18\Enterprise\MSBuild\Current\Bin\amd64\System.IO.Pipelines.dll" /NoDependencies /ExeConfig:"C:\Program Files\Microsoft Visual Studio\18\Enterprise\Common7\IDE\vsn.exe" /queue:3
08/17/2026 07:46:27.036 [2412]: Executing command from offline queue: install "C:\Program Files\Microsoft Visual Studio\18\Enterprise\Common7\IDE\Extensions\Microsoft\Web Tools\Languages\Microsoft.WebTools.Languages.Json.Editor.dll" /NoDependencies /ExeConfig:"C:\Program Files\Microsoft Visual Studio\18\Enterprise\Common7\IDE\vsn.exe" /queue:3
08/17/2026 07:46:27.038 [2412]: Executing command from offline queue: install "C:\Program Files\Microsoft Visual Studio\18\Enterprise\Common7\IDE\CommonExtensions\Microsoft\ProjectServices\Microsoft.VisualStudio.ProjectServices.dll" /NoDependencies /ExeConfig:"C:\Program Files\Microsoft Visual Studio\18\Enterprise\Common7\IDE\vsn.exe" /queue:3
08/17/2026 07:46:27.041 [2412]: Executing command from offline queue: install "C:\Program Files\Microsoft Visual Studio\18\Enterprise\Common7\IDE\CommonExtensions\Microsoft\TeamFoundation\Team Explorer\Microsoft.TeamFoundation.Diff.dll" /NoDependencies /ExeConfig:"C:\Program Files\Microsoft Visual Studio\18\Enterprise\Common7\IDE\vsn.exe" /queue:3
08/17/2026 07:46:27.042 [2412]: Executing command from offline queue: install "C:\Program Files\Microsoft Visual Studio\18\Enterprise\Common7\IDE\CommonExtensions\Microsoft\TestWindow\Microsoft.VisualStudio.TestWindow.Interfaces.dll" /NoDependencies /ExeConfig:"C:\Program Files\Microsoft Visual Studio\18\Enterprise\Common7\IDE\vsn.exe" /queue:3
08/17/2026 07:46:27.045 [2412]: Executing command from offline queue: install "C:\Program Files\Microsoft Visual Studio\18\Enterprise\MSBuild\Microsoft\VisualStudio\v18.0\TextTemplating\Microsoft.VisualStudio.Utilities.Internal.dll" /NoDependencies /ExeConfig:"C:\Program Files\Microsoft Visual Studio\18\Enterprise\Common7\IDE\vsn.exe" /queue:3
08/17/2026 07:46:27.047 [2412]: Executing command from offline queue: install "C:\Program Files\Microsoft Visual Studio\18\Enterprise\Common7\IDE\PublicAssemblies\System.Threading.Tasks.Extensions.dll" /NoDependencies /ExeConfig:"C:\Program Files\Microsoft Visual Studio\18\Enterprise\Common7\IDE\vsn.exe" /queue:3
08/17/2026 07:46:27.049 [2412]: Executing command from offline queue: install "C:\Program Files\Microsoft Visual Studio\18\Enterprise\Common7\IDE\Remote Debugger\x64\vsdebugeng.manimpl.dll" /NoDependencies /ExeConfig:"C:\Program Files\Microsoft Visual Studio\18\Enterprise\Common7\IDE\Remote Debugger\x64\msvsmon.exe" /queue:3
08/17/2026 07:46:27.051 [2412]: Executing command from offline queue: install "C:\Program Files\Microsoft Visual Studio\18\Enterprise\Common7\IDE\PublicAssemblies\Microsoft.VisualStudio.TextTemplating.Interfaces.11.0.dll" /NoDependencies /ExeConfig:"C:\Program Files\Microsoft Visual Studio\18\Enterprise\Common7\IDE\vsn.exe" /queue:3
08/17/2026 07:46:27.055 [2412]: Executing command from offline queue: install "C:\Program Files\Microsoft Visual Studio\18\Enterprise\Common7\IDE\PrivateAssemblies\Microsoft.VisualStudio.Modeling.Sdk.Diagrams.dll" /NoDependencies /ExeConfig:"C:\Program Files\Microsoft Visual Studio\18\Enterprise\Common7\IDE\vsn.exe" /queue:3
08/17/2026 07:46:27.058 [2412]: Executing command from offline queue: install "C:\Program Files\Microsoft Visual Studio\18\Enterprise\Common7\IDE\PrivateAssemblies\System.Security.Cryptography.ProtectedData.dll" /NoDependencies /ExeConfig:"C:\Program Files\Microsoft Visual Studio\18\Enterprise\Common7\IDE\vsn.exe" /queue:3
08/17/2026 07:46:27.061 [2412]: Executing command from offline queue: install "C:\Program Files\Microsoft Visual Studio\18\Enterprise\Common7\IDE\Microsoft.VisualStudio.ImageCatalog.dll" /NoDependencies /ExeConfig:"C:\Program Files\Microsoft Visual Studio\18\Enterprise\Common7\IDE\vsn.exe" /queue:3
08/17/2026 07:46:27.064 [2412]: Executing command from offline queue: install "C:\Program Files\Microsoft Visual Studio\18\Enterprise\Common7\IDE\CommonExtensions\Microsoft\TeamFoundation\Team Explorer\Microsoft.VisualStudio.TeamFoundation.WorkItemTracking.dll" /NoDependencies /ExeConfig:"C:\Program Files\Microsoft Visual Studio\18\Enterprise\Common7\IDE\vsn.exe" /queue:3
08/17/2026 07:46:27.067 [2412]: Executing command from offline queue: install "C:\Program Files\Microsoft Visual Studio\18\Enterprise\Common7\IDE\CommonExtensions\Microsoft\Editor\Microsoft.VisualStudio.Extensibility.Editor.Contracts.dll" /NoDependencies /ExeConfig:"C:\Program Files\Microsoft Visual Studio\18\Enterprise\Common7\IDE\vsn.exe" /queue:3
08/17/2026 07:46:27.070 [2412]: Executing command from offline queue: install "C:\Program Files\Microsoft Visual Studio\18\Enterprise\Common7\IDE\PrivateAssemblies\Microsoft.VisualStudio.QualityTools.Wizard.TestProjectWizards.dll" /NoDependencies /ExeConfig:"C:\Program Files\Microsoft Visual Studio\18\Enterprise\Common7\IDE\vsn.exe" /queue:3
08/17/2026 07:46:27.072 [2412]: Executing command from offline queue: install "C:\Program Files\Microsoft Visual Studio\18\Enterprise\MSBuild\Current\Bin\amd64\MSBuild.Coordinator.exe" /NoDependencies /ExeConfig:"C:\Program Files\Microsoft Visual Studio\18\Enterprise\Common7\IDE\vsn.exe" /queue:3
08/17/2026 07:46:27.075 [2412]: Executing command from offline queue: install "C:\Program Files\Microsoft Visual Studio\18\Enterprise\Common7\IDE\CommonExtensions\Microsoft\TeamFoundation\Team Explorer\Microsoft.VisualStudio.Services.Search.Shared.WebApi.dll" /NoDependencies /ExeConfig:"C:\Program Files\Microsoft Visual Studio\18\Enterprise\Common7\IDE\vsn.exe" /queue:3
08/17/2026 07:46:27.078 [2412]: Executing command from offline queue: install "C:\Program Files\Microsoft Visual Studio\18\Enterprise\Common7\IDE\CommonExtensions\Microsoft\Interactive\Microsoft.VisualStudio.Interactive.Setup.dll" /NoDependencies /ExeConfig:"C:\Program Files\Microsoft Visual Studio\18\Enterprise\Common7\IDE\vsn.exe" /queue:3
08/17/2026 07:46:27.080 [2412]: Executing command from offline queue: install "C:\Program Files\Microsoft Visual Studio\18\Enterprise\Common7\IDE\PrivateAssemblies\Microsoft.VisualStudio.DesignTools.RuntimeHostBase.dll" /NoDependencies /ExeConfig:"C:\Program Files\Microsoft Visual Studio\18\Enterprise\Common7\IDE\vsn.exe" /queue:3
08/17/2026 07:46:27.083 [2412]: Executing command from offline queue: install "C:\Program Files\Microsoft Visual Studio\18\Enterprise\Common7\IDE\CommonExtensions\Microsoft\TeamFoundation\Team Explorer\Microsoft.TeamFoundation.Build.ProcessComponents.dll" /NoDependencies /ExeConfig:"C:\Program Files\Microsoft Visual Studio\18\Enterprise\Common7\IDE\vsn.exe" /queue:3
08/17/2026 07:46:27.086 [2412]: Executing command from offline queue: install "C:\Program Files\Microsoft Visual Studio\18\Enterprise\Common7\IDE\CommonExtensions\Microsoft\TeamFoundation\Team Explorer\Microsoft.VisualStudio.Services.Search.WebApi.dll" /NoDependencies /ExeConfig:"C:\Program Files\Microsoft Visual Studio\18\Enterprise\Common7\IDE\vsn.exe" /queue:3
08/17/2026 07:46:27.089 [2412]: Executing command from offline queue: install "C:\Program Files\Microsoft Visual Studio\18\Enterprise\Common7\IDE\PrivateAssemblies\Microsoft.VisualStudio.QualityTools.Tips.UnitTest.Adapter.dll" /NoDependencies /ExeConfig:"C:\Program Files\Microsoft Visual Studio\18\Enterprise\Common7\IDE\vsn.exe" /queue:3
08/17/2026 07:46:27.091 [2412]: Executing command from offline queue: install "C:\Program Files\Microsoft Visual Studio\18\Enterprise\Common7\IDE\CommonExtensions\Microsoft\TestWindow\Microsoft.VisualStudio.TestWindow.CodeLens.dll" /NoDependencies /ExeConfig:"C:\Program Files\Microsoft Visual Studio\18\Enterprise\Common7\IDE\vsn.exe" /queue:3
08/17/2026 07:46:27.095 [2412]: Executing command from offline queue: install "C:\Program Files\Microsoft Visual Studio\18\Enterprise\Common7\IDE\PublicAssemblies\Microsoft.Extensions.Options.dll" /NoDependencies /ExeConfig:"C:\Program Files\Microsoft Visual Studio\18\Enterprise\Common7\IDE\vsn.exe" /queue:3
08/17/2026 07:46:27.097 [2412]: Executing command from offline queue: install "C:\Program Files\Microsoft Visual Studio\18\Enterprise\Common7\IDE\CommonExtensions\Microsoft\OpenFolder\Microsoft.VisualStudio.Workspace.Extensions.Implementation.VS.dll" /NoDependencies /ExeConfig:"C:\Program Files\Microsoft Visual Studio\18\Enterprise\Common7\IDE\vsn.exe" /queue:3
08/17/2026 07:46:27.100 [2412]: Executing command from offline queue: install "C:\Program Files\Microsoft Visual Studio\18\Enterprise\Common7\IDE\PrivateAssemblies\Microsoft.Extensions.Logging.Console.dll" /NoDependencies /ExeConfig:"C:\Program Files\Microsoft Visual Studio\18\Enterprise\Common7\IDE\vsn.exe" /queue:3
08/17/2026 07:46:27.104 [2412]: Executing command from offline queue: install "C:\Program Files\Microsoft Visual Studio\18\Enterprise\Common7\IDE\CommonExtensions\Microsoft\TeamFoundation\Team Explorer\Microsoft.TeamFoundation.OfficeIntegration.Common.dll" /NoDependencies /ExeConfig:"C:\Program Files\Microsoft Visual Studio\18\Enterprise\Common7\IDE\vsn.exe" /queue:3
08/17/2026 07:46:27.106 [2412]: Executing command from offline queue: install "C:\Program Files\Microsoft Visual Studio\18\Enterprise\Common7\IDE\Microsoft.VisualStudio.Design.dll" /NoDependencies /ExeConfig:"C:\Program Files\Microsoft Visual Studio\18\Enterprise\Common7\IDE\vsn.exe" /queue:3
08/17/2026 07:46:27.108 [2412]: Executing command from offline queue: install "C:\Program Files\Microsoft Visual Studio\18\Enterprise\Common7\IDE\CommonExtensions\Microsoft\TeamFoundation\Team Explorer\Microsoft.TeamFoundation.Test.WebApi.dll" /NoDependencies /ExeConfig:"C:\Program Files\Microsoft Visual Studio\18\Enterprise\Common7\IDE\vsn.exe" /queue:3
08/17/2026 07:46:27.111 [2412]: Executing command from offline queue: install "C:\Program Files\Microsoft Visual Studio\18\Enterprise\Common7\IDE\PublicAssemblies\Microsoft.VisualStudio.GraphModel.dll" /NoDependencies /ExeConfig:"C:\Program Files\Microsoft Visual Studio\18\Enterprise\Common7\IDE\vsn.exe" /queue:3
08/17/2026 07:46:27.113 [2412]: Executing command from offline queue: install "C:\Program Files\Microsoft Visual Studio\18\Enterprise\Common7\IDE\CommonExtensions\Microsoft\AppCapabilitiesDesigner\Microsoft.VisualStudio.TabDesigner.Implementation.dll" /NoDependencies /ExeConfig:"C:\Program Files\Microsoft Visual Studio\18\Enterprise\Common7\IDE\vsn.exe" /queue:3
08/17/2026 07:46:27.115 [2412]: Executing command from offline queue: install "C:\Program Files\Microsoft Visual Studio\18\Enterprise\Common7\IDE\CommonExtensions\Microsoft\TeamFoundation\Team Explorer\Microsoft.VisualStudio.TeamFoundation.VersionControl.dll" /NoDependencies /ExeConfig:"C:\Program Files\Microsoft Visual Studio\18\Enterprise\Common7\IDE\vsn.exe" /queue:3
08/17/2026 07:46:27.118 [2412]: Executing command from offline queue: install "C:\Program Files\Microsoft Visual Studio\18\Enterprise\Common7\IDE\TestTools\TeamExplorerClient\Microsoft.VisualStudio.Services.Common.dll" /NoDependencies /ExeConfig:"C:\Program Files\Microsoft Visual Studio\18\Enterprise\Common7\IDE\vsn.exe" /queue:3
08/17/2026 07:46:27.120 [2412]: Executing command from offline queue: install "C:\Program Files\Microsoft Visual Studio\18\Enterprise\Common7\IDE\CommonExtensions\Microsoft\VBCSharp\LanguageServices\Microsoft.CodeAnalysis.Workspaces.MSBuild.Contracts.dll" /NoDependencies /ExeConfig:"C:\Program Files\Microsoft Visual Studio\18\Enterprise\Common7\IDE\vsn.exe" /queue:3
08/17/2026 07:46:27.122 [2412]: Executing command from offline queue: install "C:\Program Files\Microsoft Visual Studio\18\Enterprise\Common7\IDE\PublicAssemblies\Microsoft.VisualStudio.QualityTools.Vsip.dll" /NoDependencies /ExeConfig:"C:\Program Files\Microsoft Visual Studio\18\Enterprise\Common7\IDE\vsn.exe" /queue:3
08/17/2026 07:46:27.125 [2412]: Executing command from offline queue: install "C:\Program Files\Microsoft Visual Studio\18\Enterprise\Common7\IDE\Extensions\Microsoft\Web Tools\Languages\Microsoft.WebTools.Languages.Shared.VS.dll" /NoDependencies /ExeConfig:"C:\Program Files\Microsoft Visual Studio\18\Enterprise\Common7\IDE\vsn.exe" /queue:3
08/17/2026 07:46:27.132 [2412]: Executing command from offline queue: install "C:\Program Files\Microsoft Visual Studio\18\Enterprise\MSBuild\Current\Bin\Microsoft.VisualStudio.Utilities.Internal.dll" /NoDependencies /ExeConfig:"C:\Program Files\Microsoft Visual Studio\18\Enterprise\MSBuild\Current\Bin\amd64\MSBuild.exe" /queue:3
08/17/2026 07:46:27.135 [2412]: Executing command from offline queue: install "C:\Program Files\Microsoft Visual Studio\18\Enterprise\Common7\IDE\Extensions\Microsoft\Copilot\Microsoft.VisualStudio.Copilot.UI.dll" /NoDependencies /ExeConfig:"C:\Program Files\Microsoft Visual Studio\18\Enterprise\Common7\IDE\vsn.exe" /queue:3
08/17/2026 07:46:27.139 [2412]: Executing command from offline queue: install "C:\Program Files\Microsoft Visual Studio\18\Enterprise\Common7\IDE\TestTools\TeamExplorerClient\Microsoft.TeamFoundation.TestManagement.Client.dll" /NoDependencies /ExeConfig:"C:\Program Files\Microsoft Visual Studio\18\Enterprise\Common7\IDE\vsn.exe" /queue:3
08/17/2026 07:46:27.142 [2412]: Executing command from offline queue: install "C:\Program Files\Microsoft Visual Studio\18\Enterprise\Common7\IDE\CommonExtensions\Microsoft\TeamFoundation\Team Explorer\Microsoft.TeamFoundation.SharePointReporting.Integration.dll" /NoDependencies /ExeConfig:"C:\Program Files\Microsoft Visual Studio\18\Enterprise\Common7\IDE\vsn.exe" /queue:3
08/17/2026 07:46:27.145 [2412]: Executing command from offline queue: install "C:\Program Files\Microsoft Visual Studio\18\Enterprise\Common7\IDE\Extensions\Microsoft\Web Tools\Languages\Microsoft.WebTools.Languages.LanguageServer.Delegation.dll" /NoDependencies /ExeConfig:"C:\Program Files\Microsoft Visual Studio\18\Enterprise\Common7\IDE\vsn.exe" /queue:3
08/17/2026 07:46:27.148 [2412]: Executing command from offline queue: install "C:\Program Files\Microsoft Visual Studio\18\Enterprise\Common7\IDE\CommonExtensions\Microsoft\TeamFoundation\Team Explorer\Microsoft.VisualStudio.ContextManagement.Public.dll" /NoDependencies /ExeConfig:"C:\Program Files\Microsoft Visual Studio\18\Enterprise\Common7\IDE\vsn.exe" /queue:3
08/17/2026 07:46:27.151 [2412]: Executing command from offline queue: install "C:\Program Files\Microsoft Visual Studio\18\Enterprise\Common7\IDE\CommonExtensions\Microsoft\ErrorList\Microsoft.VisualStudio.ErrorListPkg.dll" /NoDependencies /ExeConfig:"C:\Program Files\Microsoft Visual Studio\18\Enterprise\Common7\IDE\vsn.exe" /queue:3
08/17/2026 07:46:27.153 [2412]: Executing command from offline queue: install "C:\Program Files\Microsoft Visual Studio\18\Enterprise\Common7\IDE\CommonExtensions\Microsoft\TeamFoundation\Team Explorer\Microsoft.TeamFoundation.CodeReview.Controls.dll" /NoDependencies /ExeConfig:"C:\Program Files\Microsoft Visual Studio\18\Enterprise\Common7\IDE\vsn.exe" /queue:3
08/17/2026 07:46:27.156 [2412]: Executing command from offline queue: install "C:\Program Files\Microsoft Visual Studio\18\Enterprise\Common7\IDE\CommonExtensions\Microsoft\TeamFoundation\Team Explorer\Microsoft.TeamFoundation.Discussion.Client.dll" /NoDependencies /ExeConfig:"C:\Program Files\Microsoft Visual Studio\18\Enterprise\Common7\IDE\vsn.exe" /queue:3
08/17/2026 07:46:27.159 [2412]: Executing command from offline queue: install "C:\Program Files\Microsoft Visual Studio\18\Enterprise\Common7\IDE\PublicAssemblies\Microsoft.VisualStudio.TextTemplating.dll" /NoDependencies /ExeConfig:"C:\Program Files\Microsoft Visual Studio\18\Enterprise\Common7\IDE\vsn.exe" /queue:3
08/17/2026 07:46:27.162 [2412]: Executing command from offline queue: install "C:\Program Files\Microsoft Visual Studio\18\Enterprise\Common7\IDE\PublicAssemblies\Microsoft.Extensions.Configuration.Binder.dll" /NoDependencies /ExeConfig:"C:\Program Files\Microsoft Visual Studio\18\Enterprise\Common7\IDE\vsn.exe" /queue:3
08/17/2026 07:46:27.165 [2412]: Executing command from offline queue: install "C:\Program Files\Microsoft Visual Studio\18\Enterprise\Common7\IDE\CommonExtensions\Microsoft\TeamFoundation\Team Explorer\Microsoft.TeamFoundation.VersionControl.ControlAdapter.dll" /NoDependencies /ExeConfig:"C:\Program Files\Microsoft Visual Studio\18\Enterprise\Common7\IDE\vsn.exe" /queue:3
08/17/2026 07:46:27.168 [2412]: Executing command from offline queue: install "C:\Program Files\Microsoft Visual Studio\18\Enterprise\MSBuild\Current\Bin\amd64\System.Reflection.MetadataLoadContext.dll" /NoDependencies /ExeConfig:"C:\Program Files\Microsoft Visual Studio\18\Enterprise\Common7\IDE\vsn.exe" /queue:3
08/17/2026 07:46:27.171 [2412]: Executing command from offline queue: install "C:\Program Files\Microsoft Visual Studio\18\Enterprise\Common7\IDE\CommonExtensions\Platform\DiagnosticsHub\Microsoft.DiagnosticsHub.Presentation.dll" /NoDependencies /ExeConfig:"C:\Program Files\Microsoft Visual Studio\18\Enterprise\Common7\IDE\vsn.exe" /queue:3
08/17/2026 07:46:27.174 [2412]: Executing command from offline queue: install "C:\Program Files\Microsoft Visual Studio\18\Enterprise\Common7\IDE\CommonExtensions\Microsoft\Interactive\Microsoft.VisualStudio.Interactive.Contracts.dll" /NoDependencies /ExeConfig:"C:\Program Files\Microsoft Visual Studio\18\Enterprise\Common7\IDE\vsn.exe" /queue:3
08/17/2026 07:46:27.177 [2412]: Executing command from offline queue: install "C:\Program Files\Microsoft Visual Studio\18\Enterprise\Common7\IDE\CommonExtensions\Microsoft\TeamFoundation\SCC Code Lenses\Microsoft.VisualStudio.CodeSense.CollaborationProvider.dll" /NoDependencies /ExeConfig:"C:\Program Files\Microsoft Visual Studio\18\Enterprise\Common7\IDE\vsn.exe" /queue:3
08/17/2026 07:46:27.181 [2412]: Executing command from offline queue: install "C:\Program Files\Microsoft Visual Studio\18\Enterprise\Common7\IDE\CommonExtensions\Microsoft\TeamFoundation\Team Explorer\Microsoft.TeamFoundation.Work.WebApi.dll" /NoDependencies /ExeConfig:"C:\Program Files\Microsoft Visual Studio\18\Enterprise\Common7\IDE\vsn.exe" /queue:3
08/17/2026 07:46:27.186 [2412]: Executing command from offline queue: install "C:\Program Files\Microsoft Visual Studio\18\Enterprise\Common7\IDE\CommonExtensions\Microsoft\NuGet\Microsoft.Web.XmlTransform.dll" /NoDependencies /ExeConfig:"C:\Program Files\Microsoft Visual Studio\18\Enterprise\Common7\IDE\vsn.exe" /queue:3
08/17/2026 07:46:27.189 [2412]: Executing command from offline queue: install "C:\Program Files\Microsoft Visual Studio\18\Enterprise\Common7\IDE\PrivateAssemblies\Microsoft.VisualStudio.Alm.Shared.dll" /NoDependencies /ExeConfig:"C:\Program Files\Microsoft Visual Studio\18\Enterprise\Common7\IDE\vsn.exe" /queue:3
08/17/2026 07:46:27.191 [2412]: Executing command from offline queue: install "C:\Program Files\Microsoft Visual Studio\18\Enterprise\MSBuild\Current\Bin\amd64\Microsoft.Build.Utilities.Core.dll" /NoDependencies /ExeConfig:"C:\Program Files\Microsoft Visual Studio\18\Enterprise\Common7\IDE\vsn.exe" /queue:3
08/17/2026 07:46:27.194 [2412]: Executing command from offline queue: install "C:\Program Files\Microsoft Visual Studio\18\Enterprise\Common7\IDE\PrivateAssemblies\Microsoft.VisualStudio.DesignTools.XamlLanguageServiceBase.dll" /NoDependencies /ExeConfig:"C:\Program Files\Microsoft Visual Studio\18\Enterprise\Common7\IDE\vsn.exe" /queue:3
08/17/2026 07:46:27.197 [2412]: Executing command from offline queue: install "C:\Program Files\Microsoft Visual Studio\18\Enterprise\Common7\IDE\CommonExtensions\Microsoft\TeamFoundation\SCC Code Lenses\Microsoft.CodeSense.DiffProcessing.Interfaces.dll" /NoDependencies /ExeConfig:"C:\Program Files\Microsoft Visual Studio\18\Enterprise\Common7\IDE\vsn.exe" /queue:3
08/17/2026 07:46:27.200 [2412]: Executing command from offline queue: install "C:\Program Files\Microsoft Visual Studio\18\Enterprise\SharedAssemblies\Microsoft.IdentityModel.Abstractions\8.15.0.0\8.15.0\netfx\Microsoft.IdentityModel.Abstractions.dll" /NoDependencies /ExeConfig:"C:\Program Files\Microsoft Visual Studio\18\Enterprise\Common7\IDE\vsn.exe" /queue:3
08/17/2026 07:46:27.202 [2412]: Executing command from offline queue: install "C:\Program Files\Microsoft Visual Studio\18\Enterprise\Common7\IDE\CommonExtensions\Microsoft\VBCSharp\LanguageServices\Microsoft.CodeAnalysis.VisualBasic.Features.dll" /NoDependencies /ExeConfig:"C:\Program Files\Microsoft Visual Studio\18\Enterprise\Common7\IDE\vsn.exe" /queue:3
08/17/2026 07:46:27.205 [2412]: Executing command from offline queue: install "C:\Program Files\Microsoft Visual Studio\18\Enterprise\Common7\IDE\Extensions\Microsoft\Web Tools\Languages\Microsoft.WebTools.Languages.LanguageServer.Server.dll" /NoDependencies /ExeConfig:"C:\Program Files\Microsoft Visual Studio\18\Enterprise\Common7\IDE\vsn.exe" /queue:3
08/17/2026 07:46:27.208 [2412]: Executing command from offline queue: install "C:\Program Files\Microsoft Visual Studio\18\Enterprise\Common7\IDE\TestTools\TeamExplorerClient\Microsoft.TeamFoundation.VersionControl.Client.dll" /NoDependencies /ExeConfig:"C:\Program Files\Microsoft Visual Studio\18\Enterprise\Common7\IDE\vsn.exe" /queue:3
08/17/2026 07:46:27.210 [2412]: Executing command from offline queue: install "C:\Program Files\Microsoft Visual Studio\18\Enterprise\Common7\IDE\PrivateAssemblies\Microsoft.VisualStudio.ExtensionsExplorer.dll" /NoDependencies /ExeConfig:"C:\Program Files\Microsoft Visual Studio\18\Enterprise\Common7\IDE\vsn.exe" /queue:3
08/17/2026 07:46:27.213 [2412]: Executing command from offline queue: install "C:\Program Files\Microsoft Visual Studio\18\Enterprise\Common7\IDE\CommonExtensions\Microsoft\TeamFoundation\Team Explorer\Microsoft.TeamFoundation.Common.dll" /NoDependencies /ExeConfig:"C:\Program Files\Microsoft Visual Studio\18\Enterprise\Common7\IDE\vsn.exe" /queue:3
08/17/2026 07:46:27.215 [2412]: Executing command from offline queue: install "C:\Program Files\Microsoft Visual Studio\18\Enterprise\Common7\IDE\CommonExtensions\Microsoft\OpenFolder\Microsoft.VisualStudio.Workspace.Extensions.Implementation.dll" /NoDependencies /ExeConfig:"C:\Program Files\Microsoft Visual Studio\18\Enterprise\Common7\IDE\vsn.exe" /queue:3
08/17/2026 07:46:27.218 [2412]: Executing command from offline queue: install "C:\Program Files\Microsoft Visual Studio\18\Enterprise\MSBuild\Current\Bin\System.Resources.Extensions.dll" /NoDependencies /ExeConfig:"C:\Program Files\Microsoft Visual Studio\18\Enterprise\MSBuild\Current\Bin\MSBuild.exe" /queue:3
08/17/2026 07:46:27.220 [2412]: Executing command from offline queue: install "C:\Program Files\Microsoft Visual Studio\18\Enterprise\Common7\IDE\CommonExtensions\Microsoft\VBCSharp\LanguageServices\Microsoft.VisualStudio.LanguageServices.Xaml.dll" /NoDependencies /ExeConfig:"C:\Program Files\Microsoft Visual Studio\18\Enterprise\Common7\IDE\vsn.exe" /queue:3
08/17/2026 07:46:27.225 [2412]: Executing command from offline queue: install "C:\Program Files\Microsoft Visual Studio\18\Enterprise\Common7\IDE\CommonExtensions\Microsoft\VBCSharp\LanguageServices\Microsoft.VisualStudio.LanguageServices.VisualBasic.dll" /NoDependencies /ExeConfig:"C:\Program Files\Microsoft Visual Studio\18\Enterprise\Common7\IDE\vsn.exe" /queue:3
08/17/2026 07:46:27.228 [2412]: Executing command from offline queue: install "C:\Program Files\Microsoft Visual Studio\18\Enterprise\Common7\IDE\TestTools\TeamExplorerClient\Microsoft.TeamFoundation.WorkItemTracking.Proxy.dll" /NoDependencies /ExeConfig:"C:\Program Files\Microsoft Visual Studio\18\Enterprise\Common7\IDE\vsn.exe" /queue:3
08/17/2026 07:46:27.231 [2412]: Executing command from offline queue: install "C:\Program Files\Microsoft Visual Studio\18\Enterprise\Common7\IDE\Microsoft.VisualStudio.Configuration.dll" /NoDependencies /ExeConfig:"C:\Program Files\Microsoft Visual Studio\18\Enterprise\Common7\IDE\vsn.exe" /queue:3
08/17/2026 07:46:27.233 [2412]: Executing command from offline queue: install "C:\Program Files\Microsoft Visual Studio\18\Enterprise\Common7\IDE\PrivateAssemblies\VSPerfAnalysis.dll" /NoDependencies /ExeConfig:"C:\Program Files\Microsoft Visual Studio\18\Enterprise\Common7\IDE\vsn.exe" /queue:3
08/17/2026 07:46:27.235 [2412]: Executing command from offline queue: install "C:\Program Files\Microsoft Visual Studio\18\Enterprise\Common7\IDE\CommonExtensions\Microsoft\TeamFoundation\SCC Code Lenses\Microsoft.VisualStudio.CodeSense.Git.CollaborationProvider.dll" /NoDependencies /ExeConfig:"C:\Program Files\Microsoft Visual Studio\18\Enterprise\Common7\IDE\vsn.exe" /queue:3
08/17/2026 07:46:27.238 [2412]: Executing command from offline queue: install "C:\Program Files\Microsoft Visual Studio\18\Enterprise\Common7\IDE\EntityFramework.dll" /NoDependencies /ExeConfig:"C:\Program Files\Microsoft Visual Studio\18\Enterprise\Common7\IDE\vsn.exe" /queue:3
08/17/2026 07:46:27.240 [2412]: Executing command from offline queue: install "C:\Program Files\Microsoft Visual Studio\18\Enterprise\Common7\IDE\PrivateAssemblies\System.Formats.Asn1.dll" /NoDependencies /ExeConfig:"C:\Program Files\Microsoft Visual Studio\18\Enterprise\Common7\IDE\vsn.exe" /queue:3
08/17/2026 07:46:27.243 [2412]: Executing command from offline queue: install "C:\Program Files\Microsoft Visual Studio\18\Enterprise\Common7\IDE\CommonExtensions\Platform\MefHosting\Microsoft.VisualStudio.ExtensibilityHosting.dll" /NoDependencies /ExeConfig:"C:\Program Files\Microsoft Visual Studio\18\Enterprise\Common7\IDE\vsn.exe" /queue:3
08/17/2026 07:46:27.245 [2412]: Executing command from offline queue: install "C:\Program Files\Microsoft Visual Studio\18\Enterprise\Team Tools\Performance Tools\Microsoft.VisualStudio.PerformanceTools.RulesEngine.dll" /NoDependencies /ExeConfig:"C:\Program Files\Microsoft Visual Studio\18\Enterprise\Common7\IDE\vsn.exe" /queue:3
08/17/2026 07:46:27.248 [2412]: Executing command from offline queue: install "C:\Program Files\Microsoft Visual Studio\18\Enterprise\Common7\IDE\PublicAssemblies\Microsoft.VisualStudio.RpcContracts.dll" /NoDependencies /ExeConfig:"C:\Program Files\Microsoft Visual Studio\18\Enterprise\Common7\IDE\vsn.exe" /queue:3
08/17/2026 07:46:27.250 [2412]: Executing command from offline queue: install "C:\Program Files\Microsoft Visual Studio\18\Enterprise\Common7\IDE\CommonExtensions\Microsoft\TeamFoundation\SCC Code Lenses\Microsoft.CodeSense.DiffProcessing.dll" /NoDependencies /ExeConfig:"C:\Program Files\Microsoft Visual Studio\18\Enterprise\Common7\IDE\vsn.exe" /queue:3
08/17/2026 07:46:27.252 [2412]: Executing command from offline queue: install "C:\Program Files\Microsoft Visual Studio\18\Enterprise\Common7\IDE\PrivateAssemblies\Microsoft.Internal.VisualStudio.UserNotifications.dll" /NoDependencies /ExeConfig:"C:\Program Files\Microsoft Visual Studio\18\Enterprise\Common7\IDE\vsn.exe" /queue:3
08/17/2026 07:46:27.254 [2412]: Executing command from offline queue: install "C:\Program Files\Microsoft Visual Studio\18\Enterprise\Common7\IDE\CommonExtensions\Microsoft\VBCSharp\LiveUnitTesting\Microsoft.VisualStudio.LiveUnitTesting.Setup.dll" /NoDependencies /ExeConfig:"C:\Program Files\Microsoft Visual Studio\18\Enterprise\Common7\IDE\vsn.exe" /queue:3
08/17/2026 07:46:27.257 [2412]: Executing command from offline queue: install "C:\Program Files\Microsoft Visual Studio\18\Enterprise\MSBuild\Current\Bin\Roslyn\Microsoft.CodeAnalysis.CSharp.Scripting.dll" /NoDependencies /ExeConfig:"C:\Program Files\Microsoft Visual Studio\18\Enterprise\MSBuild\Current\Bin\Roslyn\csi.exe" /queue:3
08/17/2026 07:46:27.259 [2412]: Executing command from offline queue: install "C:\Program Files\Microsoft Visual Studio\18\Enterprise\Common7\IDE\PrivateAssemblies\Microsoft.VisualStudio.DesignTools.DiagnosticsBase.dll" /NoDependencies /ExeConfig:"C:\Program Files\Microsoft Visual Studio\18\Enterprise\Common7\IDE\vsn.exe" /queue:3
08/17/2026 07:46:27.262 [2412]: Executing command from offline queue: install "C:\Program Files\Microsoft Visual Studio\18\Enterprise\Common7\IDE\PublicAssemblies\Microsoft.VisualStudio.TextTemplating.VSHost.dll" /NoDependencies /ExeConfig:"C:\Program Files\Microsoft Visual Studio\18\Enterprise\Common7\IDE\vsn.exe" /queue:3
08/17/2026 07:46:27.265 [2412]: Executing command from offline queue: install "C:\Program Files\Microsoft Visual Studio\18\Enterprise\Common7\IDE\CommonExtensions\Microsoft\VBCSharp\LiveUnitTesting\Microsoft.CodeAnalysis.LiveUnitTesting.RemoteOrchestrator.dll" /NoDependencies /ExeConfig:"C:\Program Files\Microsoft Visual Studio\18\Enterprise\Common7\IDE\vsn.exe" /queue:3
08/17/2026 07:46:27.267 [2412]: Executing command from offline queue: install "C:\Program Files\Microsoft Visual Studio\18\Enterprise\Common7\IDE\PublicAssemblies\Microsoft.Extensions.Configuration.Abstractions.dll" /NoDependencies /ExeConfig:"C:\Program Files\Microsoft Visual Studio\18\Enterprise\Common7\IDE\vsn.exe" /queue:3
08/17/2026 07:46:27.269 [2412]: Executing command from offline queue: install "C:\Program Files\Microsoft Visual Studio\18\Enterprise\Common7\IDE\PrivateAssemblies\Microsoft.VisualStudio.Debugger.Metadata.dll" /NoDependencies /ExeConfig:"C:\Program Files\Microsoft Visual Studio\18\Enterprise\Common7\IDE\vsn.exe" /queue:3
08/17/2026 07:46:27.271 [2412]: Executing command from offline queue: install "C:\Program Files\Microsoft Visual Studio\18\Enterprise\Common7\IDE\CommonExtensions\Microsoft\TeamFoundation\Team Explorer\Microsoft.TeamFoundation.TestManagement.Common.dll" /NoDependencies /ExeConfig:"C:\Program Files\Microsoft Visual Studio\18\Enterprise\Common7\IDE\vsn.exe" /queue:3
08/17/2026 07:46:27.273 [2412]: Executing command from offline queue: install "C:\Program Files\Microsoft Visual Studio\18\Enterprise\SharedAssemblies\System.IdentityModel.Tokens.Jwt\8.15.0.0\8.15.0\netfx\System.IdentityModel.Tokens.Jwt.dll" /NoDependencies /ExeConfig:"C:\Program Files\Microsoft Visual Studio\18\Enterprise\Common7\IDE\vsn.exe" /queue:3
08/17/2026 07:46:27.276 [2412]: Executing command from offline queue: install "C:\Program Files\Microsoft Visual Studio\18\Enterprise\Common7\IDE\PublicAssemblies\Microsoft.Windows.Design.Extensibility.dll" /NoDependencies /ExeConfig:"C:\Program Files\Microsoft Visual Studio\18\Enterprise\Common7\IDE\vsn.exe" /queue:3
08/17/2026 07:46:27.278 [2412]: Executing command from offline queue: install "C:\Program Files\Microsoft Visual Studio\18\Enterprise\Common7\IDE\CommonExtensions\Microsoft\TeamFoundation\Team Explorer\Microsoft.TeamFoundation.Core.WebApi.dll" /NoDependencies /ExeConfig:"C:\Program Files\Microsoft Visual Studio\18\Enterprise\Common7\IDE\vsn.exe" /queue:3
08/17/2026 07:46:27.280 [2412]: Executing command from offline queue: install "C:\Program Files\Microsoft Visual Studio\18\Enterprise\Common7\IDE\PrivateAssemblies\Microsoft.VisualStudio.RemoteControl.dll" /NoDependencies /ExeConfig:"C:\Program Files\Microsoft Visual Studio\18\Enterprise\Common7\IDE\vsn.exe" /queue:3
08/17/2026 07:46:27.282 [2412]: Executing command from offline queue: install "C:\Program Files\Microsoft Visual Studio\18\Enterprise\Common7\IDE\CommonExtensions\Microsoft\VBCSharp\LanguageServices\Microsoft.CodeAnalysis.InteractiveHost.dll" /NoDependencies /ExeConfig:"C:\Program Files\Microsoft Visual Studio\18\Enterprise\Common7\IDE\vsn.exe" /queue:3
08/17/2026 07:46:27.284 [2412]: Executing command from offline queue: install "C:\Program Files\Microsoft Visual Studio\18\Enterprise\MSBuild\Current\Bin\Microsoft.VisualStudio.SolutionPersistence.dll" /NoDependencies /ExeConfig:"C:\Program Files\Microsoft Visual Studio\18\Enterprise\MSBuild\Current\Bin\amd64\MSBuild.exe" /queue:3
08/17/2026 07:46:27.286 [2412]: Executing command from offline queue: install "C:\Program Files\Microsoft Visual Studio\18\Enterprise\Common7\IDE\CommonExtensions\Microsoft\TestWindow\Microsoft.VisualStudio.TestWindow.VSTest.dll" /NoDependencies /ExeConfig:"C:\Program Files\Microsoft Visual Studio\18\Enterprise\Common7\IDE\vsn.exe" /queue:3
08/17/2026 07:46:27.291 [2412]: Executing command from offline queue: install "C:\Program Files\Microsoft Visual Studio\18\Enterprise\Common7\IDE\Remote Debugger\x64\Microsoft.VisualStudio.vil.host.dll" /NoDependencies /ExeConfig:"C:\Program Files\Microsoft Visual Studio\18\Enterprise\Common7\IDE\Remote Debugger\x64\msvsmon.exe" /queue:3
08/17/2026 07:46:27.293 [2412]: Executing command from offline queue: install "C:\Program Files\Microsoft Visual Studio\18\Enterprise\Common7\IDE\CommonExtensions\Microsoft\VBCSharp\LanguageServices\Microsoft.CodeAnalysis.VisualBasic.EditorFeatures.dll" /NoDependencies /ExeConfig:"C:\Program Files\Microsoft Visual Studio\18\Enterprise\Common7\IDE\vsn.exe" /queue:3
08/17/2026 07:46:27.296 [2412]: Executing command from offline queue: install "C:\Program Files\Microsoft Visual Studio\18\Enterprise\Common7\IDE\CommonExtensions\Microsoft\TeamFoundation\Team Explorer\Microsoft.TeamFoundation.Policy.WebApi.dll" /NoDependencies /ExeConfig:"C:\Program Files\Microsoft Visual Studio\18\Enterprise\Common7\IDE\vsn.exe" /queue:3
08/17/2026 07:46:27.298 [2412]: Executing command from offline queue: install "C:\Program Files\Microsoft Visual Studio\18\Enterprise\Common7\IDE\CommonExtensions\Microsoft\Identity\Microsoft.Developer.IdentityService.Core.dll" /NoDependencies /ExeConfig:"C:\Program Files\Microsoft Visual Studio\18\Enterprise\Common7\IDE\vsn.exe" /queue:3
08/17/2026 07:46:27.301 [2412]: Executing command from offline queue: install "C:\Program Files\Microsoft Visual Studio\18\Enterprise\Common7\IDE\PrivateAssemblies\Microsoft.IntelliTrace.Core.dll" /NoDependencies /ExeConfig:"C:\Program Files\Microsoft Visual Studio\18\Enterprise\Common7\IDE\vsn.exe" /queue:3
08/17/2026 07:46:27.304 [2412]: Executing command from offline queue: install "C:\Program Files\Microsoft Visual Studio\18\Enterprise\Common7\IDE\CommonExtensions\Microsoft\HotReload\Microsoft.VisualStudio.HotReload.Components.dll" /NoDependencies /ExeConfig:"C:\Program Files\Microsoft Visual Studio\18\Enterprise\Common7\IDE\vsn.exe" /queue:3
08/17/2026 07:46:27.306 [2412]: Executing command from offline queue: install "C:\Program Files\Microsoft Visual Studio\18\Enterprise\Common7\IDE\PublicAssemblies\Microsoft.Bcl.AsyncInterfaces.dll" /NoDependencies /ExeConfig:"C:\Program Files\Microsoft Visual Studio\18\Enterprise\Common7\IDE\vsn.exe" /queue:3
08/17/2026 07:46:27.310 [2412]: Executing command from offline queue: install "C:\Program Files\Microsoft Visual Studio\18\Enterprise\MSBuild\Microsoft\VisualStudio\v18.0\TextTemplating\Microsoft.VisualStudio.Telemetry.dll" /NoDependencies /ExeConfig:"C:\Program Files\Microsoft Visual Studio\18\Enterprise\Common7\IDE\vsn.exe" /queue:3
08/17/2026 07:46:27.312 [2412]: Executing command from offline queue: install "C:\Program Files\Microsoft Visual Studio\18\Enterprise\MSBuild\Current\Bin\amd64\MSBuild.exe" /NoDependencies /ExeConfig:"C:\Program Files\Microsoft Visual Studio\18\Enterprise\Common7\IDE\vsn.exe" /queue:3
08/17/2026 07:46:27.314 [2412]: Executing command from offline queue: install "C:\Program Files\Microsoft Visual Studio\18\Enterprise\Common7\IDE\CommonExtensions\Microsoft\TeamFoundation\Team Explorer\Microsoft.TeamFoundation.ProjectManagement.dll" /NoDependencies /ExeConfig:"C:\Program Files\Microsoft Visual Studio\18\Enterprise\Common7\IDE\vsn.exe" /queue:3
08/17/2026 07:46:27.317 [2412]: Executing command from offline queue: install "C:\Program Files\Microsoft Visual Studio\18\Enterprise\Common7\IDE\PrivateAssemblies\Microsoft.VisualStudio.QualityTools.Tips.UnitTest.ObjectModel.dll" /NoDependencies /ExeConfig:"C:\Program Files\Microsoft Visual Studio\18\Enterprise\Common7\IDE\vsn.exe" /queue:3
08/17/2026 07:46:27.319 [2412]: Executing command from offline queue: install "C:\Program Files\Microsoft Visual Studio\18\Enterprise\Common7\IDE\Microsoft.VisualStudio.WinForms.Interfaces.dll" /NoDependencies /ExeConfig:"C:\Program Files\Microsoft Visual Studio\18\Enterprise\Common7\IDE\vsn.exe" /queue:3
08/17/2026 07:46:27.321 [2412]: Executing command from offline queue: install "C:\Program Files\Microsoft Visual Studio\18\Enterprise\Common7\IDE\TestTools\TeamExplorerClient\Microsoft.VisualStudio.Services.Client.Interactive.dll" /NoDependencies /ExeConfig:"C:\Program Files\Microsoft Visual Studio\18\Enterprise\Common7\IDE\vsn.exe" /queue:3
08/17/2026 07:46:27.324 [2412]: Executing command from offline queue: install "C:\Program Files\Microsoft Visual Studio\18\Enterprise\MSBuild\Current\Bin\amd64\System.Memory.dll" /NoDependencies /ExeConfig:"C:\Program Files\Microsoft Visual Studio\18\Enterprise\Common7\IDE\vsn.exe" /queue:3
08/17/2026 07:46:27.327 [2412]: Executing command from offline queue: install "C:\Program Files\Microsoft Visual Studio\18\Enterprise\Common7\IDE\CommonExtensions\Microsoft\Architecture Tools\Providers\Solution\Microsoft.VisualStudio.Progression.VSProvider.dll" /NoDependencies /ExeConfig:"C:\Program Files\Microsoft Visual Studio\18\Enterprise\Common7\IDE\vsn.exe" /queue:3
08/17/2026 07:46:27.330 [2412]: Executing command from offline queue: install "C:\Program Files\Microsoft Visual Studio\18\Enterprise\Common7\IDE\System.VisualStudio.15.0.dll" /NoDependencies /ExeConfig:"C:\Program Files\Microsoft Visual Studio\18\Enterprise\Common7\IDE\vsn.exe" /queue:3
08/17/2026 07:46:27.333 [2412]: Executing command from offline queue: install "C:\Program Files\Microsoft Visual Studio\18\Enterprise\Common7\IDE\Extensions\Microsoft\Copilot\Microsoft.VisualStudio.Copilot.Core.dll" /NoDependencies /ExeConfig:"C:\Program Files\Microsoft Visual Studio\18\Enterprise\Common7\IDE\vsn.exe" /queue:3
08/17/2026 07:46:27.336 [2412]: Executing command from offline queue: install "C:\Program Files\Microsoft Visual Studio\18\Enterprise\Common7\IDE\CommonExtensions\Microsoft\TeamFoundation\Team Explorer\Microsoft.TeamFoundation.Build2.WebApi.dll" /NoDependencies /ExeConfig:"C:\Program Files\Microsoft Visual Studio\18\Enterprise\Common7\IDE\vsn.exe" /queue:3
08/17/2026 07:46:27.340 [2412]: Executing command from offline queue: install "C:\Program Files\Microsoft Visual Studio\18\Enterprise\Common7\IDE\PrivateAssemblies\Microsoft.VisualStudio.Diagnostics.PerformanceProvider.dll" /NoDependencies /ExeConfig:"C:\Program Files\Microsoft Visual Studio\18\Enterprise\Common7\IDE\vsn.exe" /queue:3
08/17/2026 07:46:27.343 [2412]: Executing command from offline queue: install "C:\Program Files\Microsoft Visual Studio\18\Enterprise\Common7\IDE\Microsoft.VisualStudio.TemplateWizard.dll" /NoDependencies /ExeConfig:"C:\Program Files\Microsoft Visual Studio\18\Enterprise\Common7\IDE\vsn.exe" /queue:3
08/17/2026 07:46:27.348 [2412]: Executing command from offline queue: install "C:\Program Files\Microsoft Visual Studio\18\Enterprise\Common7\IDE\PrivateAssemblies\Microsoft.VisualStudio.QualityTools.Tips.TuipPackage.dll" /NoDependencies /ExeConfig:"C:\Program Files\Microsoft Visual Studio\18\Enterprise\Common7\IDE\vsn.exe" /queue:3
08/17/2026 07:46:27.353 [2412]: Executing command from offline queue: install "C:\Program Files\Microsoft Visual Studio\18\Enterprise\Common7\IDE\CommonExtensions\Microsoft\XamlDiagnostics\Mobile\Microsoft.VisualStudio.HotReload.MobileTapInitializer.dll" /NoDependencies /ExeConfig:"C:\Program Files\Microsoft Visual Studio\18\Enterprise\Common7\IDE\vsn.exe" /queue:3
08/17/2026 07:46:27.357 [2412]: Executing command from offline queue: install "C:\Program Files\Microsoft Visual Studio\18\Enterprise\Common7\IDE\CommonExtensions\Microsoft\TeamFoundation\Team Explorer\Microsoft.TeamFoundation.TestImpact.Client.dll" /NoDependencies /ExeConfig:"C:\Program Files\Microsoft Visual Studio\18\Enterprise\Common7\IDE\vsn.exe" /queue:3
08/17/2026 07:46:27.360 [2412]: Executing command from offline queue: install "C:\Program Files\Microsoft Visual Studio\18\Enterprise\Common7\IDE\CommonExtensions\Microsoft\VBCSharp\LanguageServices\Microsoft.CodeAnalysis.Remote.Workspaces.dll" /NoDependencies /ExeConfig:"C:\Program Files\Microsoft Visual Studio\18\Enterprise\Common7\IDE\vsn.exe" /queue:3
08/17/2026 07:46:27.363 [2412]: Executing command from offline queue: install "C:\Program Files\Microsoft Visual Studio\18\Enterprise\Common7\IDE\CommonExtensions\Microsoft\TeamFoundation\Team Explorer\Microsoft.TeamFoundation.TeamExplorer.Navigation.dll" /NoDependencies /ExeConfig:"C:\Program Files\Microsoft Visual Studio\18\Enterprise\Common7\IDE\vsn.exe" /queue:3
08/17/2026 07:46:27.366 [2412]: Executing command from offline queue: install "C:\Program Files\Microsoft Visual Studio\18\Enterprise\SharedAssemblies\Microsoft.VisualStudio.Utilities.Internal\14.0.0.0\16.3.90\netfx\Microsoft.VisualStudio.Utilities.Internal.dll" /NoDependencies /ExeConfig:"C:\Program Files\Microsoft Visual Studio\18\Enterprise\Common7\IDE\vsn.exe" /queue:3
08/17/2026 07:46:27.369 [2412]: Executing command from offline queue: install "C:\Program Files\Microsoft Visual Studio\18\Enterprise\Common7\IDE\CommonExtensions\Microsoft\Interactive\Microsoft.VisualStudio.Interactive.Core.dll" /NoDependencies /ExeConfig:"C:\Program Files\Microsoft Visual Studio\18\Enterprise\Common7\IDE\vsn.exe" /queue:3
08/17/2026 07:46:27.372 [2412]: Executing command from offline queue: install "C:\Program Files\Microsoft Visual Studio\18\Enterprise\Common7\IDE\CommonExtensions\Microsoft\TestWindow\Profiler\Microsoft.VisualStudio.TestWindow.Profiler.dll" /NoDependencies /ExeConfig:"C:\Program Files\Microsoft Visual Studio\18\Enterprise\Common7\IDE\vsn.exe" /queue:3
08/17/2026 07:46:27.375 [2412]: Executing command from offline queue: install "C:\Program Files\Microsoft Visual Studio\18\Enterprise\MSBuild\Microsoft\VisualStudio\v18.0\TextTemplating\Microsoft.VisualStudio.RemoteControl.dll" /NoDependencies /ExeConfig:"C:\Program Files\Microsoft Visual Studio\18\Enterprise\Common7\IDE\vsn.exe" /queue:3
08/17/2026 07:46:27.377 [2412]: Executing command from offline queue: install "C:\Program Files\Microsoft Visual Studio\18\Enterprise\SharedAssemblies\Microsoft.IdentityModel.Logging\8.15.0.0\8.15.0\netfx\Microsoft.IdentityModel.Logging.dll" /NoDependencies /ExeConfig:"C:\Program Files\Microsoft Visual Studio\18\Enterprise\Common7\IDE\vsn.exe" /queue:3
08/17/2026 07:46:27.380 [2412]: Executing command from offline queue: install "C:\Program Files\Microsoft Visual Studio\18\Enterprise\Common7\IDE\CommonExtensions\Microsoft\Editor\Microsoft.VisualStudio.Editor.dll" /NoDependencies /ExeConfig:"C:\Program Files\Microsoft Visual Studio\18\Enterprise\Common7\IDE\vsn.exe" /queue:3
08/17/2026 07:46:27.382 [2412]: Executing command from offline queue: install "C:\Program Files\Microsoft Visual Studio\18\Enterprise\Common7\IDE\CommonExtensions\Microsoft\TeamFoundation\Team Explorer\Microsoft.TeamFoundation.DistributedTask.Common.Contracts.dll" /NoDependencies /ExeConfig:"C:\Program Files\Microsoft Visual Studio\18\Enterprise\Common7\IDE\vsn.exe" /queue:3
08/17/2026 07:46:27.384 [2412]: Executing command from offline queue: install "C:\Program Files\Microsoft Visual Studio\18\Enterprise\Common7\IDE\CommonExtensions\Microsoft\OpenFolder\Microsoft.VisualStudio.Workspace.VSIntegration.Contracts.dll" /NoDependencies /ExeConfig:"C:\Program Files\Microsoft Visual Studio\18\Enterprise\Common7\IDE\vsn.exe" /queue:3
08/17/2026 07:46:27.388 [2412]: Executing command from offline queue: install "C:\Program Files\Microsoft Visual Studio\18\Enterprise\MSBuild\Current\Bin\amd64\Microsoft.Bcl.AsyncInterfaces.dll" /NoDependencies /ExeConfig:"C:\Program Files\Microsoft Visual Studio\18\Enterprise\Common7\IDE\vsn.exe" /queue:3
08/17/2026 07:46:27.392 [2412]: Executing command from offline queue: install "C:\Program Files\Microsoft Visual Studio\18\Enterprise\Common7\IDE\PublicAssemblies\Microsoft.Extensions.FileProviders.Abstractions.dll" /NoDependencies /ExeConfig:"C:\Program Files\Microsoft Visual Studio\18\Enterprise\Common7\IDE\vsn.exe" /queue:3
08/17/2026 07:46:27.396 [2412]: Executing command from offline queue: install "C:\Program Files\Microsoft Visual Studio\18\Enterprise\Common7\IDE\PublicAssemblies\Microsoft.VisualStudio.Shell.Framework.dll" /NoDependencies /ExeConfig:"C:\Program Files\Microsoft Visual Studio\18\Enterprise\Common7\IDE\vsn.exe" /queue:3
08/17/2026 07:46:27.398 [2412]: Executing command from offline queue: install "C:\Program Files\Microsoft Visual Studio\18\Enterprise\Common7\IDE\CommonExtensions\Microsoft\NuGet\NuGet.Versioning.dll" /NoDependencies /ExeConfig:"C:\Program Files\Microsoft Visual Studio\18\Enterprise\Common7\IDE\vsn.exe" /queue:3
08/17/2026 07:46:27.401 [2412]: Executing command from offline queue: install "C:\Program Files\Microsoft Visual Studio\18\Enterprise\Common7\IDE\CommonExtensions\Platform\DiagnosticsHub\Microsoft.DiagnosticsHub.VisualStudio.Package.dll" /NoDependencies /ExeConfig:"C:\Program Files\Microsoft Visual Studio\18\Enterprise\Common7\IDE\vsn.exe" /queue:3
08/17/2026 07:46:27.404 [2412]: Executing command from offline queue: install "C:\Program Files\Microsoft Visual Studio\18\Enterprise\Common7\IDE\PublicAssemblies\Microsoft.Extensions.ObjectPool.dll" /NoDependencies /ExeConfig:"C:\Program Files\Microsoft Visual Studio\18\Enterprise\Common7\IDE\vsn.exe" /queue:3
08/17/2026 07:46:27.407 [2412]: Executing command from offline queue: install "C:\Program Files\Microsoft Visual Studio\18\Enterprise\Common7\IDE\PrivateAssemblies\Microsoft.VisualStudio.QualityTools.TestCaseManagement.dll" /NoDependencies /ExeConfig:"C:\Program Files\Microsoft Visual Studio\18\Enterprise\Common7\IDE\vsn.exe" /queue:3
08/17/2026 07:46:27.410 [2412]: Executing command from offline queue: install "C:\Program Files\Microsoft Visual Studio\18\Enterprise\Common7\IDE\PrivateAssemblies\Microsoft.VisualStudio.DesignTools.WpfSurfaceDesigner.dll" /NoDependencies /ExeConfig:"C:\Program Files\Microsoft Visual Studio\18\Enterprise\Common7\IDE\vsn.exe" /queue:3
08/17/2026 07:46:27.413 [2412]: Executing command from offline queue: install "C:\Program Files\Microsoft Visual Studio\18\Enterprise\Common7\IDE\CommonExtensions\Microsoft\VBCSharp\ExpressionEvaluators\Microsoft.CodeAnalysis.ExpressionEvaluator.ExpressionCompiler.dll" /NoDependencies /ExeConfig:"C:\Program Files\Microsoft Visual Studio\18\Enterprise\Common7\IDE\vsn.exe" /queue:3
08/17/2026 07:46:27.416 [2412]: Executing command from offline queue: install "C:\Program Files\Microsoft Visual Studio\18\Enterprise\Common7\IDE\CommonExtensions\Microsoft\TeamFoundation\Team Explorer\Microsoft.TeamFoundation.Git.Graph.dll" /NoDependencies /ExeConfig:"C:\Program Files\Microsoft Visual Studio\18\Enterprise\Common7\IDE\vsn.exe" /queue:3
08/17/2026 07:46:27.419 [2412]: Executing command from offline queue: install "C:\Program Files\Microsoft Visual Studio\18\Enterprise\Common7\IDE\CommonExtensions\Microsoft\TeamFoundation\Team Explorer\Microsoft.TeamFoundation.Controls.dll" /NoDependencies /ExeConfig:"C:\Program Files\Microsoft Visual Studio\18\Enterprise\Common7\IDE\vsn.exe" /queue:3
08/17/2026 07:46:27.422 [2412]: Executing command from offline queue: install "C:\Program Files\Microsoft Visual Studio\18\Enterprise\Common7\IDE\Microsoft.VisualStudio.Debugger.Parallel.dll" /NoDependencies /ExeConfig:"C:\Program Files\Microsoft Visual Studio\18\Enterprise\Common7\IDE\vsn.exe" /queue:3
08/17/2026 07:46:27.424 [2412]: Executing command from offline queue: install "C:\Program Files\Microsoft Visual Studio\18\Enterprise\Common7\IDE\PrivateAssemblies\Microsoft.VisualStudio.ScriptedHost.dll" /NoDependencies /ExeConfig:"C:\Program Files\Microsoft Visual Studio\18\Enterprise\Common7\IDE\vsn.exe" /queue:3
08/17/2026 07:46:27.427 [2412]: Executing command from offline queue: install "C:\Program Files\Microsoft Visual Studio\18\Enterprise\Common7\IDE\CommonExtensions\Platform\Debugger\VsDebugPresentationPackage.dll" /NoDependencies /ExeConfig:"C:\Program Files\Microsoft Visual Studio\18\Enterprise\Common7\IDE\vsn.exe" /queue:3
08/17/2026 07:46:27.431 [2412]: Executing command from offline queue: install "C:\Program Files\Microsoft Visual Studio\18\Enterprise\Common7\IDE\PublicAssemblies\Microsoft.Extensions.DependencyInjection.dll" /NoDependencies /ExeConfig:"C:\Program Files\Microsoft Visual Studio\18\Enterprise\Common7\IDE\vsn.exe" /queue:3
08/17/2026 07:46:27.433 [2412]: Executing command from offline queue: install "C:\Program Files\Microsoft Visual Studio\18\Enterprise\Common7\IDE\TestTools\TeamExplorerClient\Microsoft.TeamFoundation.Common.dll" /NoDependencies /ExeConfig:"C:\Program Files\Microsoft Visual Studio\18\Enterprise\Common7\IDE\vsn.exe" /queue:3
08/17/2026 07:46:27.435 [2412]: Executing command from offline queue: install "C:\Program Files\Microsoft Visual Studio\18\Enterprise\Common7\IDE\CommonExtensions\Microsoft\VBCSharp\LanguageServices\Microsoft.CodeAnalysis.Workspaces.Desktop.dll" /NoDependencies /ExeConfig:"C:\Program Files\Microsoft Visual Studio\18\Enterprise\Common7\IDE\vsn.exe" /queue:3
08/17/2026 07:46:27.437 [2412]: Executing command from offline queue: install "C:\Program Files\Microsoft Visual Studio\18\Enterprise\Common7\IDE\CommonExtensions\Microsoft\Editorconfig\Wizard\Templates.Editorconfig.Wizard.dll" /NoDependencies /ExeConfig:"C:\Program Files\Microsoft Visual Studio\18\Enterprise\Common7\IDE\vsn.exe" /queue:3
08/17/2026 07:46:27.440 [2412]: Executing command from offline queue: install "C:\Program Files\Microsoft Visual Studio\18\Enterprise\Common7\IDE\PrivateAssemblies\Microsoft.Internal.VisualStudio.Shell.Framework.dll" /NoDependencies /ExeConfig:"C:\Program Files\Microsoft Visual Studio\18\Enterprise\Common7\IDE\vsn.exe" /queue:3
08/17/2026 07:46:27.443 [2412]: Executing command from offline queue: install "C:\Program Files\Microsoft Visual Studio\18\Enterprise\Common7\IDE\CommonExtensions\Microsoft\TeamFoundation\Team Explorer\Microsoft.TeamFoundation.Git.HostingProvider.AzureDevOps.dll" /NoDependencies /ExeConfig:"C:\Program Files\Microsoft Visual Studio\18\Enterprise\Common7\IDE\vsn.exe" /queue:3
08/17/2026 07:46:27.446 [2412]: Executing command from offline queue: install "C:\Program Files\Microsoft Visual Studio\18\Enterprise\Common7\IDE\AppLocalWPF\UIAutomationClientSideProviders.dll" /NoDependencies /ExeConfig:"C:\Program Files\Microsoft Visual Studio\18\Enterprise\Common7\IDE\vsn.exe" /queue:3
08/17/2026 07:46:27.448 [2412]: Executing command from offline queue: install "C:\Program Files\Microsoft Visual Studio\18\Enterprise\Common7\IDE\CommonExtensions\Microsoft\TeamFoundation\Team Explorer\Microsoft.TeamFoundation.Build.Client.dll" /NoDependencies /ExeConfig:"C:\Program Files\Microsoft Visual Studio\18\Enterprise\Common7\IDE\vsn.exe" /queue:3
08/17/2026 07:46:27.450 [2412]: Executing command from offline queue: install "C:\Program Files\Microsoft Visual Studio\18\Enterprise\Common7\IDE\AppLocalWPF\UIAutomationClient.dll" /NoDependencies /ExeConfig:"C:\Program Files\Microsoft Visual Studio\18\Enterprise\Common7\IDE\vsn.exe" /queue:3
08/17/2026 07:46:27.452 [2412]: Executing command from offline queue: install "C:\Program Files\Microsoft Visual Studio\18\Enterprise\Common7\IDE\CommonExtensions\Microsoft\TeamFoundation\Team Explorer\Microsoft.VisualStudio.TeamFoundation.NuGetCredentialProvider.dll" /NoDependencies /ExeConfig:"C:\Program Files\Microsoft Visual Studio\18\Enterprise\Common7\IDE\vsn.exe" /queue:3
08/17/2026 07:46:27.454 [2412]: Executing command from offline queue: install "C:\Program Files\Microsoft Visual Studio\18\Enterprise\Common7\IDE\Extensions\Microsoft\CodeSense\Framework\Microsoft.VisualStudio.CodeSense.dll" /NoDependencies /ExeConfig:"C:\Program Files\Microsoft Visual Studio\18\Enterprise\Common7\IDE\vsn.exe" /queue:3
08/17/2026 07:46:27.456 [2412]: Executing command from offline queue: install "C:\Program Files\Microsoft Visual Studio\18\Enterprise\Common7\IDE\CommonExtensions\Microsoft\TeamFoundation\Team Explorer\Microsoft.TeamFoundation.TestManagement.Client.dll" /NoDependencies /ExeConfig:"C:\Program Files\Microsoft Visual Studio\18\Enterprise\Common7\IDE\vsn.exe" /queue:3
08/17/2026 07:46:27.458 [2412]: Executing command from offline queue: install "C:\Program Files\Microsoft Visual Studio\18\Enterprise\Common7\IDE\CommonExtensions\Microsoft\VBCSharp\LanguageServices\Microsoft.CodeAnalysis.ExternalAccess.RazorCompiler.dll" /NoDependencies /ExeConfig:"C:\Program Files\Microsoft Visual Studio\18\Enterprise\Common7\IDE\vsn.exe" /queue:3
08/17/2026 07:46:27.460 [2412]: Executing command from offline queue: install "C:\Program Files\Microsoft Visual Studio\18\Enterprise\Common7\IDE\CommonExtensions\Microsoft\TestWindow\Microsoft.VisualStudio.TestWindow.Host.dll" /NoDependencies /ExeConfig:"C:\Program Files\Microsoft Visual Studio\18\Enterprise\Common7\IDE\vsn.exe" /queue:3
08/17/2026 07:46:27.462 [2412]: Executing command from offline queue: install "C:\Program Files\Microsoft Visual Studio\18\Enterprise\Common7\IDE\AppLocalWPF\UIAutomationProvider.dll" /NoDependencies /ExeConfig:"C:\Program Files\Microsoft Visual Studio\18\Enterprise\Common7\IDE\vsn.exe" /queue:3
08/17/2026 07:46:27.464 [2412]: Executing command from offline queue: install "C:\Program Files\Microsoft Visual Studio\18\Enterprise\Common7\IDE\PublicAssemblies\Microsoft.Extensions.Diagnostics.Abstractions.dll" /NoDependencies /ExeConfig:"C:\Program Files\Microsoft Visual Studio\18\Enterprise\Common7\IDE\vsn.exe" /queue:3
08/17/2026 07:46:27.466 [2412]: Executing command from offline queue: install "C:\Program Files\Microsoft Visual Studio\18\Enterprise\Common7\IDE\CommonExtensions\Microsoft\VBCSharp\LanguageServices\Microsoft.CodeAnalysis.ExternalAccess.Extensions.dll" /NoDependencies /ExeConfig:"C:\Program Files\Microsoft Visual Studio\18\Enterprise\Common7\IDE\vsn.exe" /queue:3
08/17/2026 07:46:27.468 [2412]: Executing command from offline queue: install "C:\Program Files\Microsoft Visual Studio\18\Enterprise\Common7\IDE\Microsoft.VSDesigner.WCF.dll" /ExeConfig:"C:\Program Files\Microsoft Visual Studio\18\Enterprise\Common7\IDE\vsn.exe" /queue:3
08/17/2026 07:46:27.469 [2412]: Executing command from offline queue: install "C:\Program Files\Microsoft Visual Studio\18\Enterprise\Common7\IDE\Extensions\Microsoft\Modeling\18.0\Microsoft.VisualStudio.Modeling.Components.dll" /NoDependencies /ExeConfig:"C:\Program Files\Microsoft Visual Studio\18\Enterprise\Common7\IDE\vsn.exe" /queue:3
08/17/2026 07:46:27.473 [2412]: Executing command from offline queue: install "C:\Program Files\Microsoft Visual Studio\18\Enterprise\MSBuild\Current\Bin\SdkResolvers\Microsoft.DotNet.MSBuildSdkResolver\Microsoft.Deployment.DotNet.Releases.dll" /NoDependencies /ExeConfig:"C:\Program Files\Microsoft Visual Studio\18\Enterprise\Common7\IDE\vsn.exe" /queue:3
08/17/2026 07:46:27.476 [2412]: Executing command from offline queue: install "C:\Program Files\Microsoft Visual Studio\18\Enterprise\Common7\IDE\CommonExtensions\Microsoft\TestWindow\Microsoft.VisualStudio.TestWindow.dll" /NoDependencies /ExeConfig:"C:\Program Files\Microsoft Visual Studio\18\Enterprise\Common7\IDE\vsn.exe" /queue:3
08/17/2026 07:46:27.479 [2412]: Executing command from offline queue: install "C:\Program Files\Microsoft Visual Studio\18\Enterprise\Common7\IDE\CommonExtensions\Microsoft\TeamFoundation\Team Explorer\Microsoft.TeamFoundation.WorkItemTracking.Common.dll" /NoDependencies /ExeConfig:"C:\Program Files\Microsoft Visual Studio\18\Enterprise\Common7\IDE\vsn.exe" /queue:3
08/17/2026 07:46:27.482 [2412]: Executing command from offline queue: install "C:\Program Files\Microsoft Visual Studio\18\Enterprise\Common7\IDE\Extensions\Microsoft\Aspire\Microsoft.WebTools.Aspire.VS.dll" /NoDependencies /ExeConfig:"C:\Program Files\Microsoft Visual Studio\18\Enterprise\Common7\IDE\vsn.exe" /queue:3
08/17/2026 07:46:27.484 [2412]: Executing command from offline queue: install "C:\Program Files\Microsoft Visual Studio\18\Enterprise\Common7\IDE\CommonExtensions\Microsoft\TeamFoundation\Team Explorer\Microsoft.Bcl.TimeProvider.dll" /NoDependencies /ExeConfig:"C:\Program Files\Microsoft Visual Studio\18\Enterprise\Common7\IDE\vsn.exe" /queue:3
08/17/2026 07:46:27.487 [2412]: Executing command from offline queue: install "C:\Program Files\Microsoft Visual Studio\18\Enterprise\Common7\IDE\CommonExtensions\Microsoft\TeamFoundation\Team Explorer\Microsoft.TeamFoundation.TestManagement.Controls.dll" /NoDependencies /ExeConfig:"C:\Program Files\Microsoft Visual Studio\18\Enterprise\Common7\IDE\vsn.exe" /queue:3
08/17/2026 07:46:27.490 [2412]: Executing command from offline queue: install "C:\Program Files\Microsoft Visual Studio\18\Enterprise\MSBuild\Current\Bin\amd64\System.Runtime.CompilerServices.Unsafe.dll" /NoDependencies /ExeConfig:"C:\Program Files\Microsoft Visual Studio\18\Enterprise\Common7\IDE\vsn.exe" /queue:3
08/17/2026 07:46:27.492 [2412]: Executing command from offline queue: install "C:\Program Files\Microsoft Visual Studio\18\Enterprise\Common7\IDE\PublicAssemblies\Microsoft.VisualStudio.Shell.Immutable.14.0.dll" /NoDependencies /ExeConfig:"C:\Program Files\Microsoft Visual Studio\18\Enterprise\Common7\IDE\vsn.exe" /queue:3
08/17/2026 07:46:27.495 [2412]: Executing command from offline queue: install "C:\Program Files\Microsoft Visual Studio\18\Enterprise\Common7\IDE\CommonExtensions\Microsoft\NuGet\NuGet.Configuration.dll" /NoDependencies /ExeConfig:"C:\Program Files\Microsoft Visual Studio\18\Enterprise\Common7\IDE\vsn.exe" /queue:3
08/17/2026 07:46:27.497 [2412]: Executing command from offline queue: install "C:\Program Files\Microsoft Visual Studio\18\Enterprise\Common7\IDE\CommonExtensions\Microsoft\TeamFoundation\Team Explorer\Microsoft.TeamFoundation.Git.Client.dll" /NoDependencies /ExeConfig:"C:\Program Files\Microsoft Visual Studio\18\Enterprise\Common7\IDE\vsn.exe" /queue:3
08/17/2026 07:46:27.501 [2412]: Executing command from offline queue: install "C:\Program Files\Microsoft Visual Studio\18\Enterprise\Common7\IDE\PublicAssemblies\System.Threading.Channels.dll" /NoDependencies /ExeConfig:"C:\Program Files\Microsoft Visual Studio\18\Enterprise\Common7\IDE\vsn.exe" /queue:3
08/17/2026 07:46:27.504 [2412]: Executing command from offline queue: install "C:\Program Files\Microsoft Visual Studio\18\Enterprise\Common7\IDE\CommonExtensions\Microsoft\TeamFoundation\Team Explorer\Microsoft.TeamFoundation.Build.Config.dll" /NoDependencies /ExeConfig:"C:\Program Files\Microsoft Visual Studio\18\Enterprise\Common7\IDE\vsn.exe" /queue:3
08/17/2026 07:46:27.506 [2412]: Executing command from offline queue: install "C:\Program Files\Microsoft Visual Studio\18\Enterprise\Common7\IDE\PrivateAssemblies\VSPerfData.dll" /NoDependencies /ExeConfig:"C:\Program Files\Microsoft Visual Studio\18\Enterprise\Common7\IDE\vsn.exe" /queue:3
08/17/2026 07:46:27.508 [2412]: Executing command from offline queue: install "C:\Program Files\Microsoft Visual Studio\18\Enterprise\Common7\IDE\PrivateAssemblies\Microsoft.VisualStudio.Setup.VSApi.dll" /NoDependencies /ExeConfig:"C:\Program Files\Microsoft Visual Studio\18\Enterprise\Common7\IDE\vsn.exe" /queue:3
08/17/2026 07:46:27.511 [2412]: Executing command from offline queue: install "C:\Program Files\Microsoft Visual Studio\18\Enterprise\Common7\IDE\Remote Debugger\x64\Microsoft.VisualStudio.Debugger.Engine.dll" /NoDependencies /ExeConfig:"C:\Program Files\Microsoft Visual Studio\18\Enterprise\Common7\IDE\Remote Debugger\x64\msvsmon.exe" /queue:3
08/17/2026 07:46:27.514 [2412]: Executing command from offline queue: install "C:\Program Files\Microsoft Visual Studio\18\Enterprise\Common7\IDE\CommonExtensions\Microsoft\Windows.Forms\Microsoft.WinForms.Utilities.Telemetry.dll" /NoDependencies /ExeConfig:"C:\Program Files\Microsoft Visual Studio\18\Enterprise\Common7\IDE\vsn.exe" /queue:3
08/17/2026 07:46:27.519 [2412]: Executing command from offline queue: install "C:\Program Files\Microsoft Visual Studio\18\Enterprise\Common7\IDE\CommonExtensions\Microsoft\VBCSharp\ExpressionEvaluators\Microsoft.CodeAnalysis.CSharp.ExpressionEvaluator.ResultProvider.dll" /NoDependencies /ExeConfig:"C:\Program Files\Microsoft Visual Studio\18\Enterprise\Common7\IDE\vsn.exe" /queue:3
08/17/2026 07:46:27.523 [2412]: Executing command from offline queue: install "C:\Program Files\Microsoft Visual Studio\18\Enterprise\Common7\IDE\PrivateAssemblies\Microsoft.VisualStudio.Setup.NuGet.Packaging.dll" /NoDependencies /ExeConfig:"C:\Program Files\Microsoft Visual Studio\18\Enterprise\Common7\IDE\vsn.exe" /queue:3
08/17/2026 07:46:27.526 [2412]: Executing command from offline queue: install "C:\Program Files\Microsoft Visual Studio\18\Enterprise\Common7\IDE\PrivateAssemblies\Microsoft.VisualStudio.DesignTools.SurfaceDesigner.dll" /NoDependencies /ExeConfig:"C:\Program Files\Microsoft Visual Studio\18\Enterprise\Common7\IDE\vsn.exe" /queue:3
08/17/2026 07:46:27.528 [2412]: Executing command from offline queue: install "C:\Program Files\Microsoft Visual Studio\18\Enterprise\Common7\IDE\Microsoft.VisualStudio.Debugger.Parallel.Gpu.dll" /NoDependencies /ExeConfig:"C:\Program Files\Microsoft Visual Studio\18\Enterprise\Common7\IDE\vsn.exe" /queue:3
08/17/2026 07:46:27.530 [2412]: Executing command from offline queue: install "C:\Program Files\Microsoft Visual Studio\18\Enterprise\Common7\IDE\AppLocalWPF\System.Xaml.dll" /NoDependencies /ExeConfig:"C:\Program Files\Microsoft Visual Studio\18\Enterprise\Common7\IDE\vsn.exe" /queue:3
08/17/2026 07:46:27.533 [2412]: Executing command from offline queue: install "C:\Program Files\Microsoft Visual Studio\18\Enterprise\Common7\IDE\PrivateAssemblies\Microsoft.VisualStudio.Setup.dll" /NoDependencies /ExeConfig:"C:\Program Files\Microsoft Visual Studio\18\Enterprise\Common7\IDE\vsn.exe" /queue:3
08/17/2026 07:46:27.536 [2412]: Executing command from offline queue: install "C:\Program Files\Microsoft Visual Studio\18\Enterprise\Common7\IDE\PublicAssemblies\Microsoft.Extensions.FileSystemGlobbing.dll" /NoDependencies /ExeConfig:"C:\Program Files\Microsoft Visual Studio\18\Enterprise\Common7\IDE\vsn.exe" /queue:3
08/17/2026 07:46:27.539 [2412]: Executing command from offline queue: install "C:\Program Files\Microsoft Visual Studio\18\Enterprise\Common7\IDE\CommonExtensions\Microsoft\VBCSharp\LanguageServices\Microsoft.CodeAnalysis.ExternalAccess.AspNetCore.dll" /NoDependencies /ExeConfig:"C:\Program Files\Microsoft Visual Studio\18\Enterprise\Common7\IDE\vsn.exe" /queue:3
08/17/2026 07:46:27.541 [2412]: Executing command from offline queue: install "C:\Program Files\Microsoft Visual Studio\18\Enterprise\Common7\IDE\PrivateAssemblies\Microsoft.VisualStudio.Diagnostics.Common.dll" /NoDependencies /ExeConfig:"C:\Program Files\Microsoft Visual Studio\18\Enterprise\Common7\IDE\vsn.exe" /queue:3
08/17/2026 07:46:27.543 [2412]: Executing command from offline queue: install "C:\Program Files\Microsoft Visual Studio\18\Enterprise\Common7\IDE\CommonExtensions\Microsoft\VBCSharp\LiveUnitTesting\Microsoft.CodeAnalysis.LiveUnitTesting.Orchestrator.dll" /NoDependencies /ExeConfig:"C:\Program Files\Microsoft Visual Studio\18\Enterprise\Common7\IDE\vsn.exe" /queue:3
08/17/2026 07:46:27.546 [2412]: Executing command from offline queue: install "C:\Program Files\Microsoft Visual Studio\18\Enterprise\Common7\IDE\CommonExtensions\Microsoft\VBCSharp\LanguageServices\Microsoft.CodeAnalysis.CSharp.EditorFeatures.dll" /NoDependencies /ExeConfig:"C:\Program Files\Microsoft Visual Studio\18\Enterprise\Common7\IDE\vsn.exe" /queue:3
08/17/2026 07:46:27.548 [2412]: Executing command from offline queue: install "C:\Program Files\Microsoft Visual Studio\18\Enterprise\Common7\IDE\CommonExtensions\Microsoft\Architecture Tools\Providers\ManagedProvider\Microsoft.VisualStudio.Progression.ManagedProvider.dll" /NoDependencies /ExeConfig:"C:\Program Files\Microsoft Visual Studio\18\Enterprise\Common7\IDE\vsn.exe" /queue:3
08/17/2026 07:46:27.551 [2412]: Executing command from offline queue: install "C:\Program Files\Microsoft Visual Studio\18\Enterprise\Common7\IDE\CommonExtensions\Microsoft\TeamFoundation\Team Explorer\Microsoft.VisualStudio.Commenting.Contracts.dll" /NoDependencies /ExeConfig:"C:\Program Files\Microsoft Visual Studio\18\Enterprise\Common7\IDE\vsn.exe" /queue:3
08/17/2026 07:46:27.556 [2412]: Executing command from offline queue: install "C:\Program Files\Microsoft Visual Studio\18\Enterprise\Common7\IDE\PublicAssemblies\SQLite\SQLite3MC.PCLRaw.provider.dll" /NoDependencies /ExeConfig:"C:\Program Files\Microsoft Visual Studio\18\Enterprise\Common7\IDE\vsn.exe" /queue:3
08/17/2026 07:46:27.560 [2412]: Executing command from offline queue: install "C:\Program Files\Microsoft Visual Studio\18\Enterprise\MSBuild\Microsoft\VisualStudio\v18.0\TextTemplating\Microsoft.VisualStudio.TextTemplating.Interfaces.10.0.dll" /NoDependencies /ExeConfig:"C:\Program Files\Microsoft Visual Studio\18\Enterprise\Common7\IDE\vsn.exe" /queue:3
08/17/2026 07:46:27.564 [2412]: Executing command from offline queue: install "C:\Program Files\Microsoft Visual Studio\18\Enterprise\Common7\IDE\CommonExtensions\Microsoft\OpenFolder\Microsoft.VisualStudio.Workspace.Extensions.VS.dll" /NoDependencies /ExeConfig:"C:\Program Files\Microsoft Visual Studio\18\Enterprise\Common7\IDE\vsn.exe" /queue:3
08/17/2026 07:46:27.566 [2412]: Executing command from offline queue: install "C:\Program Files\Microsoft Visual Studio\18\Enterprise\Common7\IDE\BuildAccelerationExtension.dll" /NoDependencies /ExeConfig:"C:\Program Files\Microsoft Visual Studio\18\Enterprise\Common7\IDE\vsn.exe" /queue:3
08/17/2026 07:46:27.569 [2412]: Executing command from offline queue: install "C:\Program Files\Microsoft Visual Studio\18\Enterprise\SharedAssemblies\Microsoft.IdentityModel.JsonWebTokens\8.15.0.0\8.15.0\netfx\Microsoft.IdentityModel.JsonWebTokens.dll" /NoDependencies /ExeConfig:"C:\Program Files\Microsoft Visual Studio\18\Enterprise\Common7\IDE\vsn.exe" /queue:3
08/17/2026 07:46:27.572 [2412]: Executing command from offline queue: install "C:\Program Files\Microsoft Visual Studio\18\Enterprise\Team Tools\Performance Tools\PerfPkg.dll" /NoDependencies /ExeConfig:"C:\Program Files\Microsoft Visual Studio\18\Enterprise\Common7\IDE\vsn.exe" /queue:3
08/17/2026 07:46:27.575 [2412]: Executing command from offline queue: install "C:\Program Files\Microsoft Visual Studio\18\Enterprise\Common7\IDE\Microsoft.VisualStudio.dll" /NoDependencies /ExeConfig:"C:\Program Files\Microsoft Visual Studio\18\Enterprise\Common7\IDE\vsn.exe" /queue:3
08/17/2026 07:46:27.578 [2412]: Executing command from offline queue: install "C:\Program Files\Microsoft Visual Studio\18\Enterprise\Common7\IDE\PrivateAssemblies\Microsoft.VisualStudio.QualityTools.UTFResources.dll" /NoDependencies /ExeConfig:"C:\Program Files\Microsoft Visual Studio\18\Enterprise\Common7\IDE\vsn.exe" /queue:3
08/17/2026 07:46:27.581 [2412]: Executing command from offline queue: install "C:\Program Files\Microsoft Visual Studio\18\Enterprise\Common7\IDE\CommonExtensions\Microsoft\TeamFoundation\SCC Code Lenses\Microsoft.VisualStudio.CodeSense.Git.Collaboration.Service.dll" /NoDependencies /ExeConfig:"C:\Program Files\Microsoft Visual Studio\18\Enterprise\Common7\IDE\vsn.exe" /queue:3
08/17/2026 07:46:27.584 [2412]: Executing command from offline queue: install "C:\Program Files\Microsoft Visual Studio\18\Enterprise\SharedAssemblies\System.Runtime.CompilerServices.Unsafe\6.0.3.0\6.1.2\netfx\System.Runtime.CompilerServices.Unsafe.dll" /NoDependencies /ExeConfig:"C:\Program Files\Microsoft Visual Studio\18\Enterprise\Common7\IDE\vsn.exe" /queue:3
08/17/2026 07:46:27.587 [2412]: Executing command from offline queue: install "C:\Program Files\Microsoft Visual Studio\18\Enterprise\Common7\IDE\PrivateAssemblies\Microsoft.VisualStudio.Threading.dll" /NoDependencies /ExeConfig:"C:\Program Files\Microsoft Visual Studio\18\Enterprise\Common7\IDE\vsn.exe" /queue:3
08/17/2026 07:46:27.590 [2412]: Executing command from offline queue: install "C:\Program Files\Microsoft Visual Studio\18\Enterprise\Common7\IDE\PrivateAssemblies\Microsoft.VisualStudio.DesignTools.XamlDesignerHost.dll" /NoDependencies /ExeConfig:"C:\Program Files\Microsoft Visual Studio\18\Enterprise\Common7\IDE\vsn.exe" /queue:3
08/17/2026 07:46:27.593 [2412]: Executing command from offline queue: install "C:\Program Files\Microsoft Visual Studio\18\Enterprise\Common7\IDE\CommonExtensions\Microsoft\VBCSharp\LiveUnitTesting\Microsoft.VisualStudio.LiveUnitTesting.HostEventManager.dll" /NoDependencies /ExeConfig:"C:\Program Files\Microsoft Visual Studio\18\Enterprise\Common7\IDE\vsn.exe" /queue:3
08/17/2026 07:46:27.596 [2412]: Executing command from offline queue: install "C:\Program Files\Microsoft Visual Studio\18\Enterprise\Common7\IDE\Extensions\Microsoft\Web Tools Shared\Microsoft.WebTools.Shared.dll" /NoDependencies /ExeConfig:"C:\Program Files\Microsoft Visual Studio\18\Enterprise\Common7\IDE\vsn.exe" /queue:3
08/17/2026 07:46:27.602 [2412]: Executing command from offline queue: install "C:\Program Files\Microsoft Visual Studio\18\Enterprise\Common7\IDE\CommonExtensions\Microsoft\Architecture Tools\GraphProviderPackage\Microsoft.VisualStudio.GraphProviderPackage.dll" /NoDependencies /ExeConfig:"C:\Program Files\Microsoft Visual Studio\18\Enterprise\Common7\IDE\vsn.exe" /queue:3
08/17/2026 07:46:27.605 [2412]: Executing command from offline queue: install "C:\Program Files\Microsoft Visual Studio\18\Enterprise\Common7\IDE\PrivateAssemblies\Microsoft.VisualStudio.TestImpact.Common.dll" /NoDependencies /ExeConfig:"C:\Program Files\Microsoft Visual Studio\18\Enterprise\Common7\IDE\vsn.exe" /queue:3
08/17/2026 07:46:27.611 [2412]: Executing command from offline queue: install "C:\Program Files\Microsoft Visual Studio\18\Enterprise\Common7\IDE\CommonExtensions\Microsoft\VBCSharp\LanguageServices\Microsoft.VisualStudio.LanguageServices.CSharp.dll" /NoDependencies /ExeConfig:"C:\Program Files\Microsoft Visual Studio\18\Enterprise\Common7\IDE\vsn.exe" /queue:3
08/17/2026 07:46:27.614 [2412]: Executing command from offline queue: install "C:\Program Files\Microsoft Visual Studio\18\Enterprise\Common7\IDE\PublicAssemblies\Microsoft.VisualStudio.DesignTools.Extensibility.dll" /NoDependencies /ExeConfig:"C:\Program Files\Microsoft Visual Studio\18\Enterprise\Common7\IDE\vsn.exe" /queue:3
08/17/2026 07:46:27.616 [2412]: Executing command from offline queue: install "C:\Program Files\Microsoft Visual Studio\18\Enterprise\Common7\IDE\CommonExtensions\Microsoft\Windows.Forms\Microsoft.VisualStudio.WinForms.Package.dll" /NoDependencies /ExeConfig:"C:\Program Files\Microsoft Visual Studio\18\Enterprise\Common7\IDE\vsn.exe" /queue:3
08/17/2026 07:46:27.619 [2412]: Executing command from offline queue: install "C:\Program Files\Microsoft Visual Studio\18\Enterprise\Common7\IDE\Remote Debugger\x64\Microsoft.VisualStudio.vil.dll" /NoDependencies /ExeConfig:"C:\Program Files\Microsoft Visual Studio\18\Enterprise\Common7\IDE\Remote Debugger\x64\msvsmon.exe" /queue:3
08/17/2026 07:46:27.621 [2412]: Executing command from offline queue: install "C:\Program Files\Microsoft Visual Studio\18\Enterprise\Common7\IDE\PublicAssemblies\Microsoft.VisualStudio.TextTemplating.Modeling.dll" /NoDependencies /ExeConfig:"C:\Program Files\Microsoft Visual Studio\18\Enterprise\Common7\IDE\vsn.exe" /queue:3
08/17/2026 07:46:27.623 [2412]: Executing command from offline queue: install "C:\Program Files\Microsoft Visual Studio\18\Enterprise\Common7\IDE\CommonExtensions\Microsoft\Editor\Microsoft.VisualStudio.CoreUtility.dll" /NoDependencies /ExeConfig:"C:\Program Files\Microsoft Visual Studio\18\Enterprise\Common7\IDE\vsn.exe" /queue:3
08/17/2026 07:46:27.626 [2412]: Executing command from offline queue: install "C:\Program Files\Microsoft Visual Studio\18\Enterprise\Common7\IDE\CommonExtensions\Microsoft\Performance Tools\Microsoft.VisualStudio.PerformanceTools.EditorIntegration.dll" /NoDependencies /ExeConfig:"C:\Program Files\Microsoft Visual Studio\18\Enterprise\Common7\IDE\vsn.exe" /queue:3
08/17/2026 07:46:27.628 [2412]: Executing command from offline queue: install "C:\Program Files\Microsoft Visual Studio\18\Enterprise\Common7\IDE\PublicAssemblies\StreamJsonRpc.1.x\StreamJsonRpc.dll" /NoDependencies /ExeConfig:"C:\Program Files\Microsoft Visual Studio\18\Enterprise\Common7\IDE\vsn.exe" /queue:3
08/17/2026 07:46:27.630 [2412]: Executing command from offline queue: install "C:\Program Files\Microsoft Visual Studio\18\Enterprise\Common7\IDE\PrivateAssemblies\Microsoft.VisualStudio.DesignTools.DiagnosticsMobile.dll" /NoDependencies /ExeConfig:"C:\Program Files\Microsoft Visual Studio\18\Enterprise\Common7\IDE\vsn.exe" /queue:3
08/17/2026 07:46:27.632 [2412]: Executing command from offline queue: install "C:\Program Files\Microsoft Visual Studio\18\Enterprise\Common7\IDE\CommonExtensions\Microsoft\VBCSharp\LanguageServices\Microsoft.CodeAnalysis.VisualBasic.dll" /NoDependencies /ExeConfig:"C:\Program Files\Microsoft Visual Studio\18\Enterprise\Common7\IDE\vsn.exe" /queue:3
08/17/2026 07:46:27.634 [2412]: Executing command from offline queue: install "C:\Program Files\Microsoft Visual Studio\18\Enterprise\MSBuild\Current\Bin\amd64\System.Reflection.Metadata.dll" /NoDependencies /ExeConfig:"C:\Program Files\Microsoft Visual Studio\18\Enterprise\Common7\IDE\vsn.exe" /queue:3
08/17/2026 07:46:27.637 [2412]: Executing command from offline queue: install "C:\Program Files\Microsoft Visual Studio\18\Enterprise\Common7\IDE\System.Drawing.VisualStudio.15.0.dll" /NoDependencies /ExeConfig:"C:\Program Files\Microsoft Visual Studio\18\Enterprise\Common7\IDE\vsn.exe" /queue:3
08/17/2026 07:46:27.639 [2412]: Executing command from offline queue: install "C:\Program Files\Microsoft Visual Studio\18\Enterprise\Common7\IDE\CommonExtensions\Microsoft\TeamFoundation\Team Explorer\Microsoft.TeamFoundation.WorkItemTracking.Proxy.dll" /NoDependencies /ExeConfig:"C:\Program Files\Microsoft Visual Studio\18\Enterprise\Common7\IDE\vsn.exe" /queue:3
08/17/2026 07:46:27.641 [2412]: Executing command from offline queue: install "C:\Program Files\Microsoft Visual Studio\18\Enterprise\Common7\IDE\CommonExtensions\Microsoft\TeamFoundation\Team Explorer\System.Net.Http.Formatting.dll" /NoDependencies /ExeConfig:"C:\Program Files\Microsoft Visual Studio\18\Enterprise\Common7\IDE\vsn.exe" /queue:3
08/17/2026 07:46:27.643 [2412]: Executing command from offline queue: install "C:\Program Files\Microsoft Visual Studio\18\Enterprise\Common7\IDE\CommonExtensions\Microsoft\IntelliTrace\Microsoft.IntelliTrace.Debugger.dll" /NoDependencies /ExeConfig:"C:\Program Files\Microsoft Visual Studio\18\Enterprise\Common7\IDE\vsn.exe" /queue:3
08/17/2026 07:46:27.645 [2412]: Executing command from offline queue: install "C:\Program Files\Microsoft Visual Studio\18\Enterprise\Common7\IDE\Extensions\Microsoft\Web Tools\Languages\Microsoft.WebTools.Languages.LanguageServer.Host.exe" /NoDependencies /ExeConfig:"C:\Program Files\Microsoft Visual Studio\18\Enterprise\Common7\IDE\vsn.exe" /queue:3
08/17/2026 07:46:27.647 [2412]: Executing command from offline queue: install "C:\Program Files\Microsoft Visual Studio\18\Enterprise\Common7\IDE\Extensions\Microsoft\Web Tools\Languages\Microsoft.WebTools.Languages.Shared.Editor.dll" /NoDependencies /ExeConfig:"C:\Program Files\Microsoft Visual Studio\18\Enterprise\Common7\IDE\vsn.exe" /queue:3
08/17/2026 07:46:27.649 [2412]: Executing command from offline queue: install "C:\Program Files\Microsoft Visual Studio\18\Enterprise\Common7\IDE\PrivateAssemblies\Microsoft.Extensions.Http.dll" /NoDependencies /ExeConfig:"C:\Program Files\Microsoft Visual Studio\18\Enterprise\Common7\IDE\vsn.exe" /queue:3
08/17/2026 07:46:27.651 [2412]: Executing command from offline queue: install "C:\Program Files\Microsoft Visual Studio\18\Enterprise\Common7\IDE\CommonExtensions\Microsoft\Search\Microsoft.VisualStudio.Platform.SearchProviders.dll" /NoDependencies /ExeConfig:"C:\Program Files\Microsoft Visual Studio\18\Enterprise\Common7\IDE\vsn.exe" /queue:3
08/17/2026 07:46:27.653 [2412]: Executing command from offline queue: install "C:\Program Files\Microsoft Visual Studio\18\Enterprise\Common7\IDE\PrivateAssemblies\Microsoft.VisualStudio.ExtensionManager.dll" /NoDependencies /ExeConfig:"C:\Program Files\Microsoft Visual Studio\18\Enterprise\Common7\IDE\vsn.exe" /queue:3
08/17/2026 07:46:27.655 [2412]: Executing command from offline queue: install "C:\Program Files\Microsoft Visual Studio\18\Enterprise\Common7\IDE\CommonExtensions\Microsoft\TeamFoundation\Team Explorer\Microsoft.TeamFoundation.WorkItemTracking.Controls.dll" /NoDependencies /ExeConfig:"C:\Program Files\Microsoft Visual Studio\18\Enterprise\Common7\IDE\vsn.exe" /queue:3
08/17/2026 07:46:27.658 [2412]: Executing command from offline queue: install "C:\Program Files\Microsoft Visual Studio\18\Enterprise\MSBuild\Current\Bin\amd64\System.Numerics.Vectors.dll" /NoDependencies /ExeConfig:"C:\Program Files\Microsoft Visual Studio\18\Enterprise\Common7\IDE\vsn.exe" /queue:3
08/17/2026 07:46:27.660 [2412]: Executing command from offline queue: install "C:\Program Files\Microsoft Visual Studio\18\Enterprise\MSBuild\Current\Bin\Microsoft.Build.Framework.dll" /NoDependencies /ExeConfig:"C:\Program Files\Microsoft Visual Studio\18\Enterprise\Common7\IDE\VcxprojReader.exe" /queue:3
08/17/2026 07:46:27.660 [2412]: Error: The specified file or directory "C:\Program Files\Microsoft Visual Studio\18\Enterprise\Common7\IDE\VcxprojReader.exe" is invalid.
08/17/2026 07:46:27.660 [2412]: Executing command from offline queue: install "C:\Program Files\Microsoft Visual Studio\18\Enterprise\Common7\IDE\CommonExtensions\Microsoft\TeamFoundation\Team Explorer\Microsoft.TeamFoundation.VersionControl.Common.dll" /NoDependencies /ExeConfig:"C:\Program Files\Microsoft Visual Studio\18\Enterprise\Common7\IDE\vsn.exe" /queue:3
08/17/2026 07:46:27.663 [2412]: Executing command from offline queue: install "C:\Program Files\Microsoft Visual Studio\18\Enterprise\Common7\IDE\Microsoft.VisualStudio.Debugger.Engine.dll" /NoDependencies /ExeConfig:"C:\Program Files\Microsoft Visual Studio\18\Enterprise\Common7\IDE\vsn.exe" /queue:3
08/17/2026 07:46:27.666 [2412]: Executing command from offline queue: install "C:\Program Files\Microsoft Visual Studio\18\Enterprise\Common7\IDE\PrivateAssemblies\Microsoft.VisualStudio.QualityTools.TMI.dll" /NoDependencies /ExeConfig:"C:\Program Files\Microsoft Visual Studio\18\Enterprise\Common7\IDE\vsn.exe" /queue:3
08/17/2026 07:46:27.669 [2412]: Executing command from offline queue: install "C:\Program Files\Microsoft Visual Studio\18\Enterprise\Common7\IDE\CommonExtensions\Microsoft\TeamFoundation\Team Explorer\Octokit.GraphQL.dll" /NoDependencies /ExeConfig:"C:\Program Files\Microsoft Visual Studio\18\Enterprise\Common7\IDE\vsn.exe" /queue:3
08/17/2026 07:46:27.672 [2412]: Executing command from offline queue: install "C:\Program Files\Microsoft Visual Studio\18\Enterprise\MSBuild\Current\Bin\Roslyn\System.Text.Encoding.CodePages.dll" /NoDependencies /ExeConfig:"C:\Program Files\Microsoft Visual Studio\18\Enterprise\MSBuild\Current\Bin\Roslyn\VBCSCompiler.exe" /queue:3
08/17/2026 07:46:27.674 [2412]: Executing command from offline queue: install "C:\Program Files\Microsoft Visual Studio\18\Enterprise\Common7\IDE\Remote Debugger\x64\Microsoft.IntelliTrace.Concord.dll" /NoDependencies /ExeConfig:"C:\Program Files\Microsoft Visual Studio\18\Enterprise\Common7\IDE\vsn.exe" /queue:3
08/17/2026 07:46:27.677 [2412]: Executing command from offline queue: install "C:\Program Files\Microsoft Visual Studio\18\Enterprise\Common7\IDE\CommonExtensions\Microsoft\InteractiveWindow\Microsoft.VisualStudio.VsInteractiveWindow.dll" /NoDependencies /ExeConfig:"C:\Program Files\Microsoft Visual Studio\18\Enterprise\Common7\IDE\vsn.exe" /queue:3
08/17/2026 07:46:27.682 [2412]: Executing command from offline queue: install "C:\Program Files\Microsoft Visual Studio\18\Enterprise\Common7\IDE\PrivateAssemblies\Microsoft.VisualStudio.DesignTools.TapContract.dll" /NoDependencies /ExeConfig:"C:\Program Files\Microsoft Visual Studio\18\Enterprise\Common7\IDE\vsn.exe" /queue:3
08/17/2026 07:46:27.688 [2412]: Executing command from offline queue: install "C:\Program Files\Microsoft Visual Studio\18\Enterprise\Common7\IDE\PublicAssemblies\System.Runtime.CompilerServices.Unsafe.dll" /NoDependencies /ExeConfig:"C:\Program Files\Microsoft Visual Studio\18\Enterprise\Common7\IDE\vsn.exe" /queue:3
08/17/2026 07:46:27.692 [2412]: Executing command from offline queue: install "C:\Program Files\Microsoft Visual Studio\18\Enterprise\Common7\IDE\PrivateAssemblies\Microsoft.Internal.VisualStudio.Interop.dll" /NoDependencies /ExeConfig:"C:\Program Files\Microsoft Visual Studio\18\Enterprise\Common7\IDE\vsn.exe" /queue:3
08/17/2026 07:46:27.697 [2412]: Executing command from offline queue: install "C:\Program Files\Microsoft Visual Studio\18\Enterprise\Common7\IDE\CommonExtensions\Microsoft\Editor\Microsoft.VisualStudio.Language.Intellisense.dll" /NoDependencies /ExeConfig:"C:\Program Files\Microsoft Visual Studio\18\Enterprise\Common7\IDE\vsn.exe" /queue:3
08/17/2026 07:46:27.702 [2412]: Executing command from offline queue: install "C:\Program Files\Microsoft Visual Studio\18\Enterprise\Common7\IDE\CommonExtensions\Microsoft\VBCSharp\LanguageServices\Microsoft.CodeAnalysis.CSharp.Scripting.dll" /NoDependencies /ExeConfig:"C:\Program Files\Microsoft Visual Studio\18\Enterprise\Common7\IDE\vsn.exe" /queue:3
08/17/2026 07:46:27.706 [2412]: Executing command from offline queue: install "C:\Program Files\Microsoft Visual Studio\18\Enterprise\MSBuild\Current\Bin\Roslyn\Microsoft.CodeAnalysis.Scripting.dll" /NoDependencies /ExeConfig:"C:\Program Files\Microsoft Visual Studio\18\Enterprise\MSBuild\Current\Bin\Roslyn\csi.exe" /queue:3
08/17/2026 07:46:27.709 [2412]: Executing command from offline queue: install "C:\Program Files\Microsoft Visual Studio\18\Enterprise\Common7\IDE\PrivateAssemblies\Microsoft.VisualStudio.Toolbox.dll" /NoDependencies /ExeConfig:"C:\Program Files\Microsoft Visual Studio\18\Enterprise\Common7\IDE\vsn.exe" /queue:3
08/17/2026 07:46:27.723 [2412]: Executing command from offline queue: install "C:\Program Files\Microsoft Visual Studio\18\Enterprise\Common7\IDE\CommonExtensions\Microsoft\NuGet\NuGet.DependencyResolver.Core.dll" /NoDependencies /ExeConfig:"C:\Program Files\Microsoft Visual Studio\18\Enterprise\Common7\IDE\vsn.exe" /queue:3
08/17/2026 07:46:27.733 [2412]: Executing command from offline queue: install "C:\Program Files\Microsoft Visual Studio\18\Enterprise\Common7\IDE\CommonExtensions\Microsoft\TeamFoundation\Team Explorer\Microsoft.TeamFoundation.DeleteTeamProject.dll" /NoDependencies /ExeConfig:"C:\Program Files\Microsoft Visual Studio\18\Enterprise\Common7\IDE\vsn.exe" /queue:3
08/17/2026 07:46:27.743 [2412]: Executing command from offline queue: install "C:\Program Files\Microsoft Visual Studio\18\Enterprise\Common7\IDE\CommonExtensions\Microsoft\VBCSharp\LanguageServices\Microsoft.CodeAnalysis.ExternalAccess.Copilot.dll" /NoDependencies /ExeConfig:"C:\Program Files\Microsoft Visual Studio\18\Enterprise\Common7\IDE\vsn.exe" /queue:3
08/17/2026 07:46:27.751 [2412]: Executing command from offline queue: install "C:\Program Files\Microsoft Visual Studio\18\Enterprise\Common7\IDE\CommonExtensions\Microsoft\NuGet\NuGet.PackageManagement.dll" /NoDependencies /ExeConfig:"C:\Program Files\Microsoft Visual Studio\18\Enterprise\Common7\IDE\vsn.exe" /queue:3
08/17/2026 07:46:27.755 [2412]: Executing command from offline queue: install "C:\Program Files\Microsoft Visual Studio\18\Enterprise\Common7\IDE\PublicAssemblies\System.Reflection.Metadata.dll" /NoDependencies /ExeConfig:"C:\Program Files\Microsoft Visual Studio\18\Enterprise\Common7\IDE\vsn.exe" /queue:3
08/17/2026 07:46:27.761 [2412]: Executing command from offline queue: install "C:\Program Files\Microsoft Visual Studio\18\Enterprise\Common7\IDE\EntityFramework.SqlServer.dll" /NoDependencies /ExeConfig:"C:\Program Files\Microsoft Visual Studio\18\Enterprise\Common7\IDE\vsn.exe" /queue:3
08/17/2026 07:46:27.772 [2412]: Executing command from offline queue: install "C:\Program Files\Microsoft Visual Studio\18\Enterprise\Common7\IDE\PrivateAssemblies\Microsoft.VisualStudio.TeamTest.TestGeneration.Cci.dll" /NoDependencies /ExeConfig:"C:\Program Files\Microsoft Visual Studio\18\Enterprise\Common7\IDE\vsn.exe" /queue:3
08/17/2026 07:46:27.785 [2412]: Executing command from offline queue: install "C:\Program Files\Microsoft Visual Studio\18\Enterprise\Common7\IDE\PrivateAssemblies\Microsoft.VisualStudio.ArchitectureTools.PEReader.dll" /NoDependencies /ExeConfig:"C:\Program Files\Microsoft Visual Studio\18\Enterprise\Common7\IDE\vsn.exe" /queue:3
08/17/2026 07:46:27.796 [2412]: Executing command from offline queue: install "C:\Program Files\Microsoft Visual Studio\18\Enterprise\Common7\IDE\CommonExtensions\Microsoft\TeamFoundation\Team Explorer\Microsoft.VisualStudio.Services.Common.dll" /NoDependencies /ExeConfig:"C:\Program Files\Microsoft Visual Studio\18\Enterprise\Common7\IDE\vsn.exe" /queue:3
08/17/2026 07:46:27.811 [2412]: Executing command from offline queue: install "C:\Program Files\Microsoft Visual Studio\18\Enterprise\Common7\IDE\AppLocalWPF\PresentationFramework.Aero.dll" /NoDependencies /ExeConfig:"C:\Program Files\Microsoft Visual Studio\18\Enterprise\Common7\IDE\vsn.exe" /queue:3
08/17/2026 07:46:27.823 [2412]: Executing command from offline queue: install "C:\Program Files\Microsoft Visual Studio\18\Enterprise\MSBuild\Microsoft\VisualStudio\v18.0\TextTemplating\Microsoft.VisualStudio.TextTemplating.dll" /NoDependencies /ExeConfig:"C:\Program Files\Microsoft Visual Studio\18\Enterprise\Common7\IDE\vsn.exe" /queue:3
08/17/2026 07:46:27.830 [2412]: Executing command from offline queue: install "C:\Program Files\Microsoft Visual Studio\18\Enterprise\Common7\IDE\CommonExtensions\Microsoft\VBCSharp\LanguageServices\Microsoft.VisualStudio.LanguageServices.Implementation.dll" /NoDependencies /ExeConfig:"C:\Program Files\Microsoft Visual Studio\18\Enterprise\Common7\IDE\vsn.exe" /queue:3
08/17/2026 07:46:27.842 [2412]: Executing command from offline queue: install "C:\Program Files\Microsoft Visual Studio\18\Enterprise\Common7\IDE\CommonExtensions\Microsoft\Windows.Forms\Microsoft.WinForms.DesignTools.Protocol.dll" /NoDependencies /ExeConfig:"C:\Program Files\Microsoft Visual Studio\18\Enterprise\Common7\IDE\vsn.exe" /queue:3
08/17/2026 07:46:27.847 [2412]: Executing command from offline queue: install "C:\Program Files\Microsoft Visual Studio\18\Enterprise\Common7\IDE\CommonExtensions\Microsoft\XamlTaskList\Microsoft.VisualStudio.DesignTools.XamlTaskList.dll" /NoDependencies /ExeConfig:"C:\Program Files\Microsoft Visual Studio\18\Enterprise\Common7\IDE\vsn.exe" /queue:3
08/17/2026 07:46:27.851 [2412]: Executing command from offline queue: install "C:\Program Files\Microsoft Visual Studio\18\Enterprise\Common7\IDE\CommonExtensions\Microsoft\TeamFoundation\Team Explorer\Microsoft.TeamFoundation.VersionControl.Controls.dll" /NoDependencies /ExeConfig:"C:\Program Files\Microsoft Visual Studio\18\Enterprise\Common7\IDE\vsn.exe" /queue:3
08/17/2026 07:46:27.854 [2412]: Executing command from offline queue: install "C:\Program Files\Microsoft Visual Studio\18\Enterprise\Common7\IDE\PublicAssemblies\System.Buffers.dll" /NoDependencies /ExeConfig:"C:\Program Files\Microsoft Visual Studio\18\Enterprise\Common7\IDE\vsn.exe" /queue:3
08/17/2026 07:46:27.858 [2412]: Executing command from offline queue: install "C:\Program Files\Microsoft Visual Studio\18\Enterprise\Common7\IDE\CommonExtensions\Microsoft\VBCSharp\LiveUnitTesting\Microsoft.CodeAnalysis.LiveUnitTesting.Runtime.dll" /NoDependencies /ExeConfig:"C:\Program Files\Microsoft Visual Studio\18\Enterprise\Common7\IDE\vsn.exe" /queue:3
08/17/2026 07:46:27.860 [2412]: Executing command from offline queue: install "C:\Program Files\Microsoft Visual Studio\18\Enterprise\Common7\IDE\PrivateAssemblies\Microsoft.VisualStudio.QualityTools.Tips.UnitTest.Tip.dll" /NoDependencies /ExeConfig:"C:\Program Files\Microsoft Visual Studio\18\Enterprise\Common7\IDE\vsn.exe" /queue:3
08/17/2026 07:46:27.863 [2412]: Executing command from offline queue: install "C:\Program Files\Microsoft Visual Studio\18\Enterprise\Common7\IDE\PrivateAssemblies\Microsoft.VisualStudio.DesignTools.UtilityBase.dll" /NoDependencies /ExeConfig:"C:\Program Files\Microsoft Visual Studio\18\Enterprise\Common7\IDE\vsn.exe" /queue:3
08/17/2026 07:46:27.866 [2412]: Executing command from offline queue: install "C:\Program Files\Microsoft Visual Studio\18\Enterprise\Common7\IDE\CommonExtensions\Microsoft\VBCSharp\LiveUnitTesting\Microsoft.CodeAnalysis.LiveUnitTesting.BuildManager.dll" /NoDependencies /ExeConfig:"C:\Program Files\Microsoft Visual Studio\18\Enterprise\Common7\IDE\vsn.exe" /queue:3
08/17/2026 07:46:27.869 [2412]: Executing command from offline queue: install "C:\Program Files\Microsoft Visual Studio\18\Enterprise\Common7\IDE\CommonExtensions\Microsoft\TeamFoundation\Team Explorer\Microsoft.TeamFoundation.Git.Contracts.dll" /NoDependencies /ExeConfig:"C:\Program Files\Microsoft Visual Studio\18\Enterprise\Common7\IDE\vsn.exe" /queue:3
08/17/2026 07:46:27.871 [2412]: Executing command from offline queue: install "C:\Program Files\Microsoft Visual Studio\18\Enterprise\Common7\IDE\CommonExtensions\Microsoft\Windows.Forms\Microsoft.DotNet.DesignTools.Protocol.dll" /NoDependencies /ExeConfig:"C:\Program Files\Microsoft Visual Studio\18\Enterprise\Common7\IDE\vsn.exe" /queue:3
08/17/2026 07:46:27.874 [2412]: Executing command from offline queue: install "C:\Program Files\Microsoft Visual Studio\18\Enterprise\Common7\IDE\CommonExtensions\Microsoft\TeamFoundation\Team Explorer\Microsoft.TeamFoundation.WorkItemTracking.Process.WebApi.dll" /NoDependencies /ExeConfig:"C:\Program Files\Microsoft Visual Studio\18\Enterprise\Common7\IDE\vsn.exe" /queue:3
08/17/2026 07:46:27.877 [2412]: Executing command from offline queue: install "C:\Program Files\Microsoft Visual Studio\18\Enterprise\Common7\IDE\QTAgent_35.exe" /NoDependencies /ExeConfig:"C:\Program Files\Microsoft Visual Studio\18\Enterprise\Common7\IDE\vsn.exe" /queue:3
08/17/2026 07:46:27.880 [2412]: Executing command from offline queue: install "C:\Program Files\Microsoft Visual Studio\18\Enterprise\Common7\IDE\Extensions\Microsoft\Web Tools\Languages\Microsoft.WebTools.Languages.LanguageServer.HostAppDomainManager.dll" /NoDependencies /ExeConfig:"C:\Program Files\Microsoft Visual Studio\18\Enterprise\Common7\IDE\vsn.exe" /queue:3
08/17/2026 07:46:27.884 [2412]: Executing command from offline queue: install "C:\Program Files\Microsoft Visual Studio\18\Enterprise\Common7\IDE\CommonExtensions\Microsoft\XamlDiagnostics\Microsoft.VisualStudio.DesignTools.Diagnostics.dll" /NoDependencies /ExeConfig:"C:\Program Files\Microsoft Visual Studio\18\Enterprise\Common7\IDE\vsn.exe" /queue:3
08/17/2026 07:46:27.890 [2412]: Executing command from offline queue: install "C:\Program Files\Microsoft Visual Studio\18\Enterprise\Common7\IDE\TestTools\TeamExplorerClient\Microsoft.TeamFoundation.WorkItemTracking.Common.dll" /NoDependencies /ExeConfig:"C:\Program Files\Microsoft Visual Studio\18\Enterprise\Common7\IDE\vsn.exe" /queue:3
08/17/2026 07:46:27.900 [2412]: Executing command from offline queue: install "C:\Program Files\Microsoft Visual Studio\18\Enterprise\MSBuild\Current\Bin\Microsoft.Build.Framework.dll" /NoDependencies /ExeConfig:"C:\Program Files\Microsoft Visual Studio\18\Enterprise\MSBuild\Current\Bin\MSBuild.exe" /queue:3
08/17/2026 07:46:27.905 [2412]: Executing command from offline queue: install "C:\Program Files\Microsoft Visual Studio\18\Enterprise\Common7\IDE\PublicAssemblies\SQLite\SQLitePCLRaw.batteries_v2.dll" /NoDependencies /ExeConfig:"C:\Program Files\Microsoft Visual Studio\18\Enterprise\Common7\IDE\vsn.exe" /queue:3
08/17/2026 07:46:27.910 [2412]: Executing command from offline queue: install "C:\Program Files\Microsoft Visual Studio\18\Enterprise\Common7\IDE\CommonExtensions\Microsoft\VBCSharp\LiveUnitTesting\Microsoft.VisualStudio.LiveUnitTesting.Visualizer.dll" /NoDependencies /ExeConfig:"C:\Program Files\Microsoft Visual Studio\18\Enterprise\Common7\IDE\vsn.exe" /queue:3
08/17/2026 07:46:27.916 [2412]: Executing command from offline queue: install "C:\Program Files\Microsoft Visual Studio\18\Enterprise\Common7\IDE\PublicAssemblies\System.Reflection.MetadataLoadContext.dll" /NoDependencies /ExeConfig:"C:\Program Files\Microsoft Visual Studio\18\Enterprise\Common7\IDE\vsn.exe" /queue:3
08/17/2026 07:46:27.921 [2412]: Executing command from offline queue: install "C:\Program Files\Microsoft Visual Studio\18\Enterprise\Common7\IDE\PrivateAssemblies\Microsoft.VisualStudio.ExtensionsExplorer.UI.dll" /NoDependencies /ExeConfig:"C:\Program Files\Microsoft Visual Studio\18\Enterprise\Common7\IDE\vsn.exe" /queue:3
08/17/2026 07:46:27.926 [2412]: Executing command from offline queue: install "C:\Program Files\Microsoft Visual Studio\18\Enterprise\Common7\IDE\AppLocalWPF\PresentationUI.dll" /NoDependencies /ExeConfig:"C:\Program Files\Microsoft Visual Studio\18\Enterprise\Common7\IDE\vsn.exe" /queue:3
08/17/2026 07:46:27.933 [2412]: Executing command from offline queue: install "C:\Program Files\Microsoft Visual Studio\18\Enterprise\Common7\IDE\CommonExtensions\Microsoft\TeamFoundation\Team Explorer\Microsoft.VisualStudio.ContextManagement.Package.dll" /NoDependencies /ExeConfig:"C:\Program Files\Microsoft Visual Studio\18\Enterprise\Common7\IDE\vsn.exe" /queue:3
08/17/2026 07:46:27.937 [2412]: Executing command from offline queue: install "C:\Program Files\Microsoft Visual Studio\18\Enterprise\Common7\IDE\CommonExtensions\Microsoft\TeamFoundation\Team Explorer\Microsoft.TeamFoundation.WorkItemTracking.Client.QueryLanguage.dll" /NoDependencies /ExeConfig:"C:\Program Files\Microsoft Visual Studio\18\Enterprise\Common7\IDE\vsn.exe" /queue:3
08/17/2026 07:46:27.943 [2412]: Executing command from offline queue: install "C:\Program Files\Microsoft Visual Studio\18\Enterprise\Common7\IDE\PrivateAssemblies\Microsoft.VisualStudio.Diagnostics.Measurement.dll" /NoDependencies /ExeConfig:"C:\Program Files\Microsoft Visual Studio\18\Enterprise\Common7\IDE\vsn.exe" /queue:3
08/17/2026 07:46:27.959 [2412]: Executing command from offline queue: install "C:\Program Files\Microsoft Visual Studio\18\Enterprise\Common7\IDE\CommonExtensions\Microsoft\TestWindow\Microsoft.VisualStudio.TestWindow.Core.dll" /NoDependencies /ExeConfig:"C:\Program Files\Microsoft Visual Studio\18\Enterprise\Common7\IDE\vsn.exe" /queue:3
08/17/2026 07:46:27.966 [2412]: Executing command from offline queue: install "C:\Program Files\Microsoft Visual Studio\18\Enterprise\MSBuild\Current\Bin\amd64\System.Formats.Nrbf.dll" /NoDependencies /ExeConfig:"C:\Program Files\Microsoft Visual Studio\18\Enterprise\Common7\IDE\vsn.exe" /queue:3
08/17/2026 07:46:27.980 [2412]: Executing command from offline queue: install "C:\Program Files\Microsoft Visual Studio\18\Enterprise\Common7\IDE\AppLocalWPF\System.Windows.Input.Manipulations.dll" /NoDependencies /ExeConfig:"C:\Program Files\Microsoft Visual Studio\18\Enterprise\Common7\IDE\vsn.exe" /queue:3
08/17/2026 07:46:27.990 [2412]: Executing command from offline queue: install "C:\Program Files\Microsoft Visual Studio\18\Enterprise\MSBuild\Current\Bin\Roslyn\Microsoft.CodeAnalysis.VisualBasic.dll" /NoDependencies /ExeConfig:"C:\Program Files\Microsoft Visual Studio\18\Enterprise\MSBuild\Current\Bin\Roslyn\VBCSCompiler.exe" /queue:3
08/17/2026 07:46:27.995 [2412]: Executing command from offline queue: install "C:\Program Files\Microsoft Visual Studio\18\Enterprise\Common7\IDE\CommonExtensions\Microsoft\NuGet\NuGet.VisualStudio.Implementation.dll" /NoDependencies /ExeConfig:"C:\Program Files\Microsoft Visual Studio\18\Enterprise\Common7\IDE\vsn.exe" /queue:3
08/17/2026 07:46:27.998 [2412]: Executing command from offline queue: install "C:\Program Files\Microsoft Visual Studio\18\Enterprise\Common7\IDE\CommonExtensions\Microsoft\Architecture Tools\GraphProviderPackage\Microsoft.VisualStudio.Progression.DataManager.dll" /NoDependencies /ExeConfig:"C:\Program Files\Microsoft Visual Studio\18\Enterprise\Common7\IDE\vsn.exe" /queue:3
08/17/2026 07:46:28.003 [2412]: Executing command from offline queue: install "C:\Program Files\Microsoft Visual Studio\18\Enterprise\MSBuild\Current\Bin\amd64\System.Threading.Tasks.Extensions.dll" /NoDependencies /ExeConfig:"C:\Program Files\Microsoft Visual Studio\18\Enterprise\Common7\IDE\vsn.exe" /queue:3
08/17/2026 07:46:28.019 [2412]: Executing command from offline queue: install "C:\Program Files\Microsoft Visual Studio\18\Enterprise\Common7\IDE\CommonExtensions\Microsoft\TeamFoundation\SCC Code Lenses\Microsoft.VisualStudio.CodeSense.Client.Common.dll" /NoDependencies /ExeConfig:"C:\Program Files\Microsoft Visual Studio\18\Enterprise\Common7\IDE\vsn.exe" /queue:3
08/17/2026 07:46:28.037 [2412]: Executing command from offline queue: install "C:\Program Files\Microsoft Visual Studio\18\Enterprise\Common7\IDE\CommonExtensions\Microsoft\TeamFoundation\Team Explorer\Microsoft.TeamFoundation.CodeReview.Components.dll" /NoDependencies /ExeConfig:"C:\Program Files\Microsoft Visual Studio\18\Enterprise\Common7\IDE\vsn.exe" /queue:3
08/17/2026 07:46:28.044 [2412]: Executing command from offline queue: install "C:\Program Files\Microsoft Visual Studio\18\Enterprise\Common7\IDE\PrivateAssemblies\Microsoft.VisualStudio.QualityTools.CommandLine.dll" /NoDependencies /ExeConfig:"C:\Program Files\Microsoft Visual Studio\18\Enterprise\Common7\IDE\vsn.exe" /queue:3
08/17/2026 07:46:28.050 [2412]: Executing command from offline queue: install "C:\Program Files\Microsoft Visual Studio\18\Enterprise\Common7\IDE\CommonExtensions\Microsoft\TextMate\Microsoft.VisualStudio.TextMate.Core.dll" /NoDependencies /ExeConfig:"C:\Program Files\Microsoft Visual Studio\18\Enterprise\Common7\IDE\vsn.exe" /queue:3
08/17/2026 07:46:28.062 [2412]: Executing command from offline queue: install "C:\Program Files\Microsoft Visual Studio\18\Enterprise\Common7\IDE\CommonExtensions\Microsoft\TeamFoundation\Team Explorer\Microsoft.VisualStudio.Services.Integration.dll" /NoDependencies /ExeConfig:"C:\Program Files\Microsoft Visual Studio\18\Enterprise\Common7\IDE\vsn.exe" /queue:3
08/17/2026 07:46:28.068 [2412]: Executing command from offline queue: install "C:\Program Files\Microsoft Visual Studio\18\Enterprise\Common7\IDE\CommonExtensions\Microsoft\VBCSharp\LiveUnitTesting\Microsoft.CodeAnalysis.LiveUnitTesting.TestResultListener.dll" /NoDependencies /ExeConfig:"C:\Program Files\Microsoft Visual Studio\18\Enterprise\Common7\IDE\vsn.exe" /queue:3
08/17/2026 07:46:28.077 [2412]: Executing command from offline queue: install "C:\Program Files\Microsoft Visual Studio\18\Enterprise\Common7\IDE\CommonExtensions\Microsoft\TeamFoundation\Team Explorer\Microsoft.TeamFoundation.SourceControl.WebApi.dll" /NoDependencies /ExeConfig:"C:\Program Files\Microsoft Visual Studio\18\Enterprise\Common7\IDE\vsn.exe" /queue:3
08/17/2026 07:46:28.083 [2412]: Executing command from offline queue: install "C:\Program Files\Microsoft Visual Studio\18\Enterprise\Common7\IDE\Extensions\Microsoft\Copilot\Microsoft.VisualStudio.Copilot.Roslyn.dll" /NoDependencies /ExeConfig:"C:\Program Files\Microsoft Visual Studio\18\Enterprise\Common7\IDE\vsn.exe" /queue:3
08/17/2026 07:46:28.087 [2412]: Executing command from offline queue: install "C:\Program Files\Microsoft Visual Studio\18\Enterprise\Common7\IDE\CommonExtensions\Microsoft\VBCSharp\LanguageServices\Microsoft.CodeAnalysis.VisualBasic.Workspaces.dll" /NoDependencies /ExeConfig:"C:\Program Files\Microsoft Visual Studio\18\Enterprise\Common7\IDE\vsn.exe" /queue:3
08/17/2026 07:46:28.092 [2412]: Executing command from offline queue: install "C:\Program Files\Microsoft Visual Studio\18\Enterprise\MSBuild\Current\Bin\Microsoft.NET.StringTools.dll" /NoDependencies /ExeConfig:"C:\Program Files\Microsoft Visual Studio\18\Enterprise\Common7\IDE\vsn.exe" /queue:3
08/17/2026 07:46:28.098 [2412]: Executing command from offline queue: install "C:\Program Files\Microsoft Visual Studio\18\Enterprise\Common7\IDE\CommonExtensions\Microsoft\TeamFoundation\Team Explorer\Microsoft.VisualStudio.TeamFoundation.InitializationPackage.dll" /NoDependencies /ExeConfig:"C:\Program Files\Microsoft Visual Studio\18\Enterprise\Common7\IDE\vsn.exe" /queue:3
08/17/2026 07:46:28.103 [2412]: Executing command from offline queue: install "C:\Program Files\Microsoft Visual Studio\18\Enterprise\Common7\IDE\CommonExtensions\Microsoft\Windows.Forms\Microsoft.WinForms.Utilities.Shared.dll" /NoDependencies /ExeConfig:"C:\Program Files\Microsoft Visual Studio\18\Enterprise\Common7\IDE\vsn.exe" /queue:3
08/17/2026 07:46:28.107 [2412]: Executing command from offline queue: install "C:\Program Files\Microsoft Visual Studio\18\Enterprise\Common7\IDE\CommonExtensions\Microsoft\IntelliTrace\Microsoft.IntelliTrace.Concord.dll" /NoDependencies /ExeConfig:"C:\Program Files\Microsoft Visual Studio\18\Enterprise\Common7\IDE\vsn.exe" /queue:3
08/17/2026 07:46:28.112 [2412]: Executing command from offline queue: install "C:\Program Files\Microsoft Visual Studio\18\Enterprise\Common7\IDE\CommonExtensions\Microsoft\LanguageServer\Microsoft.VisualStudio.LanguageServer.Protocol.Internal.dll" /NoDependencies /ExeConfig:"C:\Program Files\Microsoft Visual Studio\18\Enterprise\Common7\IDE\vsn.exe" /queue:3
08/17/2026 07:46:28.118 [2412]: Executing command from offline queue: install "C:\Program Files\Microsoft Visual Studio\18\Enterprise\Common7\IDE\CommonExtensions\Microsoft\TeamFoundation\Team Explorer\Microsoft.VisualStudio.Services.Client.Interactive.dll" /NoDependencies /ExeConfig:"C:\Program Files\Microsoft Visual Studio\18\Enterprise\Common7\IDE\vsn.exe" /queue:3
08/17/2026 07:46:28.125 [2412]: Executing command from offline queue: install "C:\Program Files\Microsoft Visual Studio\18\Enterprise\Common7\IDE\CommonExtensions\Microsoft\VBCSharp\LanguageServices\Microsoft.CodeAnalysis.AnalyzerUtilities.dll" /NoDependencies /ExeConfig:"C:\Program Files\Microsoft Visual Studio\18\Enterprise\Common7\IDE\vsn.exe" /queue:3
08/17/2026 07:46:28.134 [2412]: Executing command from offline queue: install "C:\Program Files\Microsoft Visual Studio\18\Enterprise\Common7\IDE\Extensions\Microsoft\CodeSense\Framework\Microsoft.VisualStudio.CodeSense.Common.dll" /NoDependencies /ExeConfig:"C:\Program Files\Microsoft Visual Studio\18\Enterprise\Common7\IDE\vsn.exe" /queue:3
08/17/2026 07:46:28.141 [2412]: Executing command from offline queue: install "C:\Program Files\Microsoft Visual Studio\18\Enterprise\Common7\IDE\CommonExtensions\Platform\ExtensionManager\Microsoft.VisualStudio.ExtensionManager.Implementation.dll" /NoDependencies /ExeConfig:"C:\Program Files\Microsoft Visual Studio\18\Enterprise\Common7\IDE\vsn.exe" /queue:3
08/17/2026 07:46:28.150 [2412]: Executing command from offline queue: install "C:\Program Files\Microsoft Visual Studio\18\Enterprise\Common7\IDE\Extensions\Microsoft\IntelliCode\Microsoft.ProgramSynthesis.Suggestions.Code.Client.dll" /NoDependencies /ExeConfig:"C:\Program Files\Microsoft Visual Studio\18\Enterprise\Common7\IDE\vsn.exe" /queue:3
08/17/2026 07:46:28.159 [2412]: Executing command from offline queue: install "C:\Program Files\Microsoft Visual Studio\18\Enterprise\Common7\IDE\CommonExtensions\Microsoft\NuGet\NuGet.VisualStudio.Common.dll" /NoDependencies /ExeConfig:"C:\Program Files\Microsoft Visual Studio\18\Enterprise\Common7\IDE\vsn.exe" /queue:3
08/17/2026 07:46:28.166 [2412]: Executing command from offline queue: install "C:\Program Files\Microsoft Visual Studio\18\Enterprise\Common7\IDE\Extensions\Microsoft\Web Tools\Languages\Microsoft.WebTools.Languages.Json.dll" /NoDependencies /ExeConfig:"C:\Program Files\Microsoft Visual Studio\18\Enterprise\Common7\IDE\vsn.exe" /queue:3
08/17/2026 07:46:28.170 [2412]: Executing command from offline queue: install "C:\Program Files\Microsoft Visual Studio\18\Enterprise\Common7\IDE\CommonExtensions\Microsoft\VBCSharp\LanguageServices\Microsoft.VisualStudio.LanguageServices.LiveShare.dll" /NoDependencies /ExeConfig:"C:\Program Files\Microsoft Visual Studio\18\Enterprise\Common7\IDE\vsn.exe" /queue:3
08/17/2026 07:46:28.173 [2412]: Executing command from offline queue: install "C:\Program Files\Microsoft Visual Studio\18\Enterprise\Common7\IDE\CommonExtensions\Microsoft\LanguageServer\Microsoft.VisualStudio.LanguageServer.Client.dll" /NoDependencies /ExeConfig:"C:\Program Files\Microsoft Visual Studio\18\Enterprise\Common7\IDE\vsn.exe" /queue:3
08/17/2026 07:46:28.176 [2412]: Executing command from offline queue: install "C:\Program Files\Microsoft Visual Studio\18\Enterprise\Common7\IDE\CommonExtensions\Microsoft\VBCSharp\LiveUnitTesting\Microsoft.VisualStudio.LiveUnitTesting.TestPlatformExtensionDiscoverer.dll" /NoDependencies /ExeConfig:"C:\Program Files\Microsoft Visual Studio\18\Enterprise\Common7\IDE\vsn.exe" /queue:3
08/17/2026 07:46:28.181 [2412]: Executing command from offline queue: install "C:\Program Files\Microsoft Visual Studio\18\Enterprise\Common7\IDE\PublicAssemblies\Microsoft.Extensions.Logging.Abstractions.dll" /NoDependencies /ExeConfig:"C:\Program Files\Microsoft Visual Studio\18\Enterprise\Common7\IDE\vsn.exe" /queue:3
08/17/2026 07:46:28.201 [2412]: Executing command from offline queue: install "C:\Program Files\Microsoft Visual Studio\18\Enterprise\Common7\IDE\TestTools\TeamExplorerClient\Microsoft.TeamFoundation.WorkItemTracking.Client.dll" /NoDependencies /ExeConfig:"C:\Program Files\Microsoft Visual Studio\18\Enterprise\Common7\IDE\vsn.exe" /queue:3
08/17/2026 07:46:28.208 [2412]: Executing command from offline queue: install "C:\Program Files\Microsoft Visual Studio\18\Enterprise\Common7\IDE\PrivateAssemblies\Microsoft.VisualStudio.SolutionPersistence.dll" /NoDependencies /ExeConfig:"C:\Program Files\Microsoft Visual Studio\18\Enterprise\Common7\IDE\vsn.exe" /queue:3
08/17/2026 07:46:28.215 [2412]: Executing command from offline queue: install "C:\Program Files\Microsoft Visual Studio\18\Enterprise\Common7\IDE\AppLocalWPF\UIAutomationTypes.dll" /NoDependencies /ExeConfig:"C:\Program Files\Microsoft Visual Studio\18\Enterprise\Common7\IDE\vsn.exe" /queue:3
08/17/2026 07:46:28.227 [2412]: Executing command from offline queue: install "C:\Program Files\Microsoft Visual Studio\18\Enterprise\Common7\IDE\PublicAssemblies\MessagePack.2.x\MessagePack.Annotations.dll" /NoDependencies /ExeConfig:"C:\Program Files\Microsoft Visual Studio\18\Enterprise\Common7\IDE\vsn.exe" /queue:3
08/17/2026 07:46:28.244 [2412]: Executing command from offline queue: install "C:\Program Files\Microsoft Visual Studio\18\Enterprise\Common7\IDE\CommonExtensions\Microsoft\Editor\Microsoft.VisualStudio.Text.Data.dll" /NoDependencies /ExeConfig:"C:\Program Files\Microsoft Visual Studio\18\Enterprise\Common7\IDE\vsn.exe" /queue:3
08/17/2026 07:46:28.265 [2412]: Executing command from offline queue: install "C:\Program Files\Microsoft Visual Studio\18\Enterprise\Common7\IDE\QTAgent_40.exe" /NoDependencies /ExeConfig:"C:\Program Files\Microsoft Visual Studio\18\Enterprise\Common7\IDE\vsn.exe" /queue:3
08/17/2026 07:46:28.278 [2412]: Executing command from offline queue: install "C:\Program Files\Microsoft Visual Studio\18\Enterprise\Common7\IDE\TestTools\TeamExplorerClient\Microsoft.TeamFoundation.WorkItemTracking.WebApi.dll" /NoDependencies /ExeConfig:"C:\Program Files\Microsoft Visual Studio\18\Enterprise\Common7\IDE\vsn.exe" /queue:3
08/17/2026 07:46:28.285 [2412]: Executing command from offline queue: install "C:\Program Files\Microsoft Visual Studio\18\Enterprise\Common7\IDE\CommonExtensions\Microsoft\ProjectSystemQuery\Microsoft.VisualStudio.ProjectSystem.Query.dll" /NoDependencies /ExeConfig:"C:\Program Files\Microsoft Visual Studio\18\Enterprise\Common7\IDE\vsn.exe" /queue:3
08/17/2026 07:46:28.291 [2412]: Executing command from offline queue: install "C:\Program Files\Microsoft Visual Studio\18\Enterprise\Common7\IDE\PublicAssemblies\Microsoft.Extensions.Primitives.dll" /NoDependencies /ExeConfig:"C:\Program Files\Microsoft Visual Studio\18\Enterprise\Common7\IDE\vsn.exe" /queue:3
08/17/2026 07:46:28.294 [2412]: Executing command from offline queue: install "C:\Program Files\Microsoft Visual Studio\18\Enterprise\Common7\IDE\CommonExtensions\Microsoft\Windows.Forms\Microsoft.DotNet.DesignTools.Client.dll" /NoDependencies /ExeConfig:"C:\Program Files\Microsoft Visual Studio\18\Enterprise\Common7\IDE\vsn.exe" /queue:3
08/17/2026 07:46:28.296 [2412]: Executing command from offline queue: install "C:\Program Files\Microsoft Visual Studio\18\Enterprise\MSBuild\Current\Bin\amd64\System.Collections.Immutable.dll" /NoDependencies /ExeConfig:"C:\Program Files\Microsoft Visual Studio\18\Enterprise\Common7\IDE\vsn.exe" /queue:3
08/17/2026 07:46:28.298 [2412]: Executing command from offline queue: install "C:\Program Files\Microsoft Visual Studio\18\Enterprise\MSBuild\Current\Bin\Roslyn\System.Memory.dll" /NoDependencies /ExeConfig:"C:\Program Files\Microsoft Visual Studio\18\Enterprise\MSBuild\Current\Bin\Roslyn\VBCSCompiler.exe" /queue:3
08/17/2026 07:46:28.300 [2412]: Executing command from offline queue: install "C:\Program Files\Microsoft Visual Studio\18\Enterprise\MSBuild\Current\Bin\amd64\System.Threading.Tasks.Dataflow.dll" /NoDependencies /ExeConfig:"C:\Program Files\Microsoft Visual Studio\18\Enterprise\Common7\IDE\vsn.exe" /queue:3
08/17/2026 07:46:28.303 [2412]: Executing command from offline queue: install "C:\Program Files\Microsoft Visual Studio\18\Enterprise\Common7\IDE\CommonExtensions\Microsoft\TeamFoundation\Team Explorer\TF.exe" /NoDependencies /ExeConfig:"C:\Program Files\Microsoft Visual Studio\18\Enterprise\Common7\IDE\vsn.exe" /queue:3
08/17/2026 07:46:28.306 [2412]: Executing command from offline queue: install "C:\Program Files\Microsoft Visual Studio\18\Enterprise\Common7\IDE\WindowsFormsIntegration.Design.dll" /NoDependencies /ExeConfig:"C:\Program Files\Microsoft Visual Studio\18\Enterprise\Common7\IDE\vsn.exe" /queue:3
08/17/2026 07:46:28.310 [2412]: Executing command from offline queue: install "C:\Program Files\Microsoft Visual Studio\18\Enterprise\Common7\IDE\QTDCAgent.exe" /NoDependencies /ExeConfig:"C:\Program Files\Microsoft Visual Studio\18\Enterprise\Common7\IDE\vsn.exe" /queue:3
08/17/2026 07:46:28.313 [2412]: Executing command from offline queue: install "C:\Program Files\Microsoft Visual Studio\18\Enterprise\Common7\IDE\Extensions\Microsoft\Web Tools\Languages\Microsoft.WebTools.Languages.Shared.dll" /NoDependencies /ExeConfig:"C:\Program Files\Microsoft Visual Studio\18\Enterprise\Common7\IDE\vsn.exe" /queue:3
08/17/2026 07:46:28.317 [2412]: Executing command from offline queue: install "C:\Program Files\Microsoft Visual Studio\18\Enterprise\Common7\IDE\Extensions\Microsoft\Web Tools\Languages\Microsoft.WebTools.Languages.Json.VS.dll" /NoDependencies /ExeConfig:"C:\Program Files\Microsoft Visual Studio\18\Enterprise\Common7\IDE\vsn.exe" /queue:3
08/17/2026 07:46:28.319 [2412]: Executing command from offline queue: install "C:\Program Files\Microsoft Visual Studio\18\Enterprise\Common7\IDE\PrivateAssemblies\Microsoft.Bcl.HashCode.dll" /NoDependencies /ExeConfig:"C:\Program Files\Microsoft Visual Studio\18\Enterprise\Common7\IDE\vsn.exe" /queue:3
08/17/2026 07:46:28.322 [2412]: Executing command from offline queue: install "C:\Program Files\Microsoft Visual Studio\18\Enterprise\Common7\IDE\PublicAssemblies\Microsoft.VisualStudio.ManagedInterfaces.WCF.dll" /NoDependencies /ExeConfig:"C:\Program Files\Microsoft Visual Studio\18\Enterprise\Common7\IDE\vsn.exe" /queue:3
08/17/2026 07:46:28.324 [2412]: Executing command from offline queue: install "C:\Program Files\Microsoft Visual Studio\18\Enterprise\Common7\IDE\Extensions\Microsoft\ConnectedServices\Microsoft.VisualStudio.ConnectedServices.Package2.dll" /NoDependencies /ExeConfig:"C:\Program Files\Microsoft Visual Studio\18\Enterprise\Common7\IDE\vsn.exe" /queue:3
08/17/2026 07:46:28.326 [2412]: Executing command from offline queue: install "C:\Program Files\Microsoft Visual Studio\18\Enterprise\Common7\IDE\PublicAssemblies\Microsoft.VisualStudio.Shell.Design.dll" /NoDependencies /ExeConfig:"C:\Program Files\Microsoft Visual Studio\18\Enterprise\Common7\IDE\vsn.exe" /queue:3
08/17/2026 07:46:28.329 [2412]: Executing command from offline queue: install "C:\Program Files\Microsoft Visual Studio\18\Enterprise\Common7\IDE\Extensions\Microsoft\Web Tools\Languages\Minimatch.dll" /NoDependencies /ExeConfig:"C:\Program Files\Microsoft Visual Studio\18\Enterprise\Common7\IDE\vsn.exe" /queue:3
08/17/2026 07:46:28.331 [2412]: Executing command from offline queue: install "C:\Program Files\Microsoft Visual Studio\18\Enterprise\Common7\IDE\PublicAssemblies\Microsoft.VisualStudio.QualityTools.Common.dll" /NoDependencies /ExeConfig:"C:\Program Files\Microsoft Visual Studio\18\Enterprise\Common7\IDE\vsn.exe" /queue:3
08/17/2026 07:46:28.333 [2412]: Executing command from offline queue: install "C:\Program Files\Microsoft Visual Studio\18\Enterprise\Common7\IDE\CommonExtensions\Microsoft\TeamFoundation\Team Explorer\Microsoft.TeamFoundation.VersionControl.UIFeatures.dll" /NoDependencies /ExeConfig:"C:\Program Files\Microsoft Visual Studio\18\Enterprise\Common7\IDE\vsn.exe" /queue:3
08/17/2026 07:46:28.336 [2412]: Executing command from offline queue: install "C:\Program Files\Microsoft Visual Studio\18\Enterprise\Common7\IDE\CommonExtensions\Microsoft\TeamFoundation\Team Explorer\Microsoft.VisualStudio.Services.CodeReview.Discussion.WebApi.dll" /NoDependencies /ExeConfig:"C:\Program Files\Microsoft Visual Studio\18\Enterprise\Common7\IDE\vsn.exe" /queue:3
08/17/2026 07:46:28.338 [2412]: Executing command from offline queue: install "C:\Program Files\Microsoft Visual Studio\18\Enterprise\Common7\IDE\CommonExtensions\Microsoft\Editor\Microsoft.VisualStudio.Text.UI.dll" /NoDependencies /ExeConfig:"C:\Program Files\Microsoft Visual Studio\18\Enterprise\Common7\IDE\vsn.exe" /queue:3
08/17/2026 07:46:28.340 [2412]: Executing command from offline queue: install "C:\Program Files\Microsoft Visual Studio\18\Enterprise\MSBuild\Current\Bin\Roslyn\System.Collections.Immutable.dll" /NoDependencies /ExeConfig:"C:\Program Files\Microsoft Visual Studio\18\Enterprise\MSBuild\Current\Bin\Roslyn\VBCSCompiler.exe" /queue:3
08/17/2026 07:46:28.342 [2412]: Executing command from offline queue: install "C:\Program Files\Microsoft Visual Studio\18\Enterprise\Common7\IDE\CommonExtensions\Microsoft\VBCSharp\SourceBasedTestDiscovery\Microsoft.CodeAnalysis.UnitTesting.SourceBasedTestDiscovery.dll" /NoDependencies /ExeConfig:"C:\Program Files\Microsoft Visual Studio\18\Enterprise\Common7\IDE\vsn.exe" /queue:3
08/17/2026 07:46:28.345 [2412]: Executing command from offline queue: install "C:\Program Files\Microsoft Visual Studio\18\Enterprise\Common7\IDE\CommonExtensions\Microsoft\VisualStudio\Editors\Microsoft.VisualStudio.AppDesigner.dll" /NoDependencies /ExeConfig:"C:\Program Files\Microsoft Visual Studio\18\Enterprise\Common7\IDE\vsn.exe" /queue:3
08/17/2026 07:46:28.349 [2412]: Executing command from offline queue: install "C:\Program Files\Microsoft Visual Studio\18\Enterprise\Common7\IDE\AppLocalWPF\ReachFramework.dll" /NoDependencies /ExeConfig:"C:\Program Files\Microsoft Visual Studio\18\Enterprise\Common7\IDE\vsn.exe" /queue:3
08/17/2026 07:46:28.352 [2412]: Executing command from offline queue: install "C:\Program Files\Microsoft Visual Studio\18\Enterprise\Common7\IDE\CommonExtensions\Microsoft\TeamFoundation\Team Explorer\Microsoft.TeamFoundation.Build.Controls.dll" /NoDependencies /ExeConfig:"C:\Program Files\Microsoft Visual Studio\18\Enterprise\Common7\IDE\vsn.exe" /queue:3
08/17/2026 07:46:28.355 [2412]: Executing command from offline queue: install "C:\Program Files\Microsoft Visual Studio\18\Enterprise\MSBuild\Current\Bin\amd64\System.Text.Encodings.Web.dll" /NoDependencies /ExeConfig:"C:\Program Files\Microsoft Visual Studio\18\Enterprise\Common7\IDE\vsn.exe" /queue:3
08/17/2026 07:46:28.358 [2412]: Executing command from offline queue: install "C:\Program Files\Microsoft Visual Studio\18\Enterprise\Common7\IDE\PrivateAssemblies\Microsoft.VisualStudio.Modeling.Sdk.dll" /NoDependencies /ExeConfig:"C:\Program Files\Microsoft Visual Studio\18\Enterprise\Common7\IDE\vsn.exe" /queue:3
08/17/2026 07:46:28.361 [2412]: Executing command from offline queue: install "C:\Program Files\Microsoft Visual Studio\18\Enterprise\Common7\IDE\CommonExtensions\Microsoft\LanguageServer\Microsoft.VisualStudio.LanguageServer.Protocol.Extensions.dll" /NoDependencies /ExeConfig:"C:\Program Files\Microsoft Visual Studio\18\Enterprise\Common7\IDE\vsn.exe" /queue:3
08/17/2026 07:46:28.364 [2412]: Executing command from offline queue: install "C:\Program Files\Microsoft Visual Studio\18\Enterprise\Common7\IDE\CommonExtensions\Microsoft\NuGet\NuGet.LibraryModel.dll" /NoDependencies /ExeConfig:"C:\Program Files\Microsoft Visual Studio\18\Enterprise\Common7\IDE\vsn.exe" /queue:3
08/17/2026 07:46:28.369 [2412]: Executing command from offline queue: install "C:\Program Files\Microsoft Visual Studio\18\Enterprise\MSBuild\Current\Bin\amd64\Microsoft.IO.Redist.dll" /NoDependencies /ExeConfig:"C:\Program Files\Microsoft Visual Studio\18\Enterprise\Common7\IDE\vsn.exe" /queue:3
08/17/2026 07:46:28.372 [2412]: Executing command from offline queue: install "C:\Program Files\Microsoft Visual Studio\18\Enterprise\Common7\IDE\WindowsFormsIntegration.Package.dll" /NoDependencies /ExeConfig:"C:\Program Files\Microsoft Visual Studio\18\Enterprise\Common7\IDE\vsn.exe" /queue:3
08/17/2026 07:46:28.375 [2412]: Executing command from offline queue: install "C:\Program Files\Microsoft Visual Studio\18\Enterprise\Common7\IDE\CommonExtensions\Microsoft\VBCSharp\LanguageServices\Microsoft.CodeAnalysis.EditorFeatures.Text.dll" /NoDependencies /ExeConfig:"C:\Program Files\Microsoft Visual Studio\18\Enterprise\Common7\IDE\vsn.exe" /queue:3
08/17/2026 07:46:28.378 [2412]: Executing command from offline queue: install "C:\Program Files\Microsoft Visual Studio\18\Enterprise\Common7\IDE\PublicAssemblies\Microsoft.VisualStudio.DesignTools.Interaction.dll" /NoDependencies /ExeConfig:"C:\Program Files\Microsoft Visual Studio\18\Enterprise\Common7\IDE\vsn.exe" /queue:3
08/17/2026 07:46:28.381 [2412]: Executing command from offline queue: install "C:\Program Files\Microsoft Visual Studio\18\Enterprise\Common7\IDE\AppLocalWPF\PresentationFramework.AeroLite.dll" /NoDependencies /ExeConfig:"C:\Program Files\Microsoft Visual Studio\18\Enterprise\Common7\IDE\vsn.exe" /queue:3
08/17/2026 07:46:28.384 [2412]: Executing command from offline queue: install "C:\Program Files\Microsoft Visual Studio\18\Enterprise\Common7\IDE\PrivateAssemblies\Microsoft.VisualStudio.Diagnostics.HubExtensions.dll" /NoDependencies /ExeConfig:"C:\Program Files\Microsoft Visual Studio\18\Enterprise\Common7\IDE\vsn.exe" /queue:3
08/17/2026 07:46:28.388 [2412]: Executing command from offline queue: install "C:\Program Files\Microsoft Visual Studio\18\Enterprise\Common7\IDE\Microsoft.VisualStudio.WizardFramework.Dll" /NoDependencies /ExeConfig:"C:\Program Files\Microsoft Visual Studio\18\Enterprise\Common7\IDE\vsn.exe" /queue:3
08/17/2026 07:46:28.391 [2412]: Executing command from offline queue: install "C:\Program Files\Microsoft Visual Studio\18\Enterprise\Common7\IDE\Remote Debugger\x64\Microsoft.IntelliTrace.Debugger.dll" /NoDependencies /ExeConfig:"C:\Program Files\Microsoft Visual Studio\18\Enterprise\Common7\IDE\vsn.exe" /queue:3
08/17/2026 07:46:28.394 [2412]: Executing command from offline queue: install "C:\Program Files\Microsoft Visual Studio\18\Enterprise\Common7\IDE\PrivateAssemblies\Microsoft.VisualStudio.DesignTools.DesignerHost.dll" /NoDependencies /ExeConfig:"C:\Program Files\Microsoft Visual Studio\18\Enterprise\Common7\IDE\vsn.exe" /queue:3
08/17/2026 07:46:28.397 [2412]: Executing command from offline queue: install "C:\Program Files\Microsoft Visual Studio\18\Enterprise\Common7\IDE\CommonExtensions\Microsoft\TeamFoundation\Team Explorer\Microsoft.TeamFoundation.WorkItemTracking.ControlsCore.dll" /NoDependencies /ExeConfig:"C:\Program Files\Microsoft Visual Studio\18\Enterprise\Common7\IDE\vsn.exe" /queue:3
08/17/2026 07:46:28.400 [2412]: Executing command from offline queue: install "C:\Program Files\Microsoft Visual Studio\18\Enterprise\Common7\IDE\CommonExtensions\Microsoft\TestWindow\Microsoft.VisualStudio.TestWindow.Internal.dll" /NoDependencies /ExeConfig:"C:\Program Files\Microsoft Visual Studio\18\Enterprise\Common7\IDE\vsn.exe" /queue:3
08/17/2026 07:46:28.403 [2412]: Executing command from offline queue: install "C:\Program Files\Microsoft Visual Studio\18\Enterprise\Common7\IDE\CommonExtensions\Microsoft\VBCSharp\ExpressionEvaluators\Microsoft.CodeAnalysis.ExpressionEvaluator.FunctionResolver.dll" /NoDependencies /ExeConfig:"C:\Program Files\Microsoft Visual Studio\18\Enterprise\Common7\IDE\vsn.exe" /queue:3
08/17/2026 07:46:28.406 [2412]: Executing command from offline queue: install "C:\Program Files\Microsoft Visual Studio\18\Enterprise\Common7\IDE\PublicAssemblies\System.Numerics.Vectors.dll" /NoDependencies /ExeConfig:"C:\Program Files\Microsoft Visual Studio\18\Enterprise\Common7\IDE\vsn.exe" /queue:3
08/17/2026 07:46:28.408 [2412]: Executing command from offline queue: install "C:\Program Files\Microsoft Visual Studio\18\Enterprise\Common7\IDE\CommonExtensions\Microsoft\TeamFoundation\Team Explorer\System.Web.Http.dll" /NoDependencies /ExeConfig:"C:\Program Files\Microsoft Visual Studio\18\Enterprise\Common7\IDE\vsn.exe" /queue:3
08/17/2026 07:46:28.411 [2412]: Executing command from offline queue: install "C:\Program Files\Microsoft Visual Studio\18\Enterprise\Common7\IDE\CommonExtensions\Microsoft\ProjectSystemQuery\Microsoft.VisualStudio.ProjectSystem.Query.VS.dll" /NoDependencies /ExeConfig:"C:\Program Files\Microsoft Visual Studio\18\Enterprise\Common7\IDE\vsn.exe" /queue:3
08/17/2026 07:46:28.413 [2412]: Executing command from offline queue: install "C:\Program Files\Microsoft Visual Studio\18\Enterprise\Common7\IDE\CommonExtensions\Microsoft\Architecture Tools\GraphProviderPackage\Microsoft.VisualStudio.Progression.Common.dll" /NoDependencies /ExeConfig:"C:\Program Files\Microsoft Visual Studio\18\Enterprise\Common7\IDE\vsn.exe" /queue:3
08/17/2026 07:46:28.416 [2412]: Executing command from offline queue: install "C:\Program Files\Microsoft Visual Studio\18\Enterprise\Common7\IDE\CommonExtensions\Microsoft\TeamFoundation\Team Explorer\Microsoft.TeamFoundation.VersionControl.Client.dll" /NoDependencies /ExeConfig:"C:\Program Files\Microsoft Visual Studio\18\Enterprise\Common7\IDE\vsn.exe" /queue:3
08/17/2026 07:46:28.417 [2412]: Executing command from offline queue: install "C:\Program Files\Microsoft Visual Studio\18\Enterprise\Common7\IDE\CommonExtensions\Microsoft\TeamFoundation\Team Explorer\Microsoft.TeamFoundation.WorkItemTracking.Client.dll" /NoDependencies /ExeConfig:"C:\Program Files\Microsoft Visual Studio\18\Enterprise\Common7\IDE\vsn.exe" /queue:3
08/17/2026 07:46:28.422 [2412]: Executing command from offline queue: install "C:\Program Files\Microsoft Visual Studio\18\Enterprise\Common7\IDE\PrivateAssemblies\Microsoft.VisualStudio.QualityTools.Tips.UnitTest.AssemblyResolver.dll" /NoDependencies /ExeConfig:"C:\Program Files\Microsoft Visual Studio\18\Enterprise\Common7\IDE\vsn.exe" /queue:3
08/17/2026 07:46:28.424 [2412]: Executing command from offline queue: install "C:\Program Files\Microsoft Visual Studio\18\Enterprise\Common7\IDE\CommonExtensions\Microsoft\VBCSharp\ExpressionEvaluators\Microsoft.CodeAnalysis.VisualBasic.ExpressionEvaluator.ExpressionCompiler.dll" /NoDependencies /ExeConfig:"C:\Program Files\Microsoft Visual Studio\18\Enterprise\Common7\IDE\vsn.exe" /queue:3
08/17/2026 07:46:28.426 [2412]: Executing command from offline queue: install "C:\Program Files\Microsoft Visual Studio\18\Enterprise\Common7\IDE\PrivateAssemblies\Microsoft.Alm.Shared.Remoting.RemoteContainer.dll" /NoDependencies /ExeConfig:"C:\Program Files\Microsoft Visual Studio\18\Enterprise\Common7\IDE\vsn.exe" /queue:3
08/17/2026 07:46:28.428 [2412]: Executing command from offline queue: install "C:\Program Files\Microsoft Visual Studio\18\Enterprise\Common7\IDE\CommonExtensions\Microsoft\VBCSharp\LanguageServices\Microsoft.CodeAnalysis.ExternalAccess.EditorConfigGenerator.dll" /NoDependencies /ExeConfig:"C:\Program Files\Microsoft Visual Studio\18\Enterprise\Common7\IDE\vsn.exe" /queue:3
08/17/2026 07:46:28.432 [2412]: Executing command from offline queue: install "C:\Program Files\Microsoft Visual Studio\18\Enterprise\Common7\IDE\CommonExtensions\Microsoft\TeamFoundation\Team Explorer\Microsoft.TeamFoundation.WorkItemTracking.Client.DataStoreLoader.dll" /NoDependencies /ExeConfig:"C:\Program Files\Microsoft Visual Studio\18\Enterprise\Common7\IDE\vsn.exe" /queue:3
08/17/2026 07:46:28.434 [2412]: Executing command from offline queue: install "C:\Program Files\Microsoft Visual Studio\18\Enterprise\Common7\IDE\CommonExtensions\Microsoft\TeamFoundation\Team Explorer\Microsoft.TeamFoundation.Git.HostingProvider.GitHub.dll" /NoDependencies /ExeConfig:"C:\Program Files\Microsoft Visual Studio\18\Enterprise\Common7\IDE\vsn.exe" /queue:3
08/17/2026 07:46:28.436 [2412]: Executing command from offline queue: install "C:\Program Files\Microsoft Visual Studio\18\Enterprise\Common7\IDE\CommonExtensions\Microsoft\Terminal\Microsoft.VisualStudio.Terminal.Implementation.dll" /NoDependencies /ExeConfig:"C:\Program Files\Microsoft Visual Studio\18\Enterprise\Common7\IDE\vsn.exe" /queue:3
08/17/2026 07:46:28.438 [2412]: Executing command from offline queue: install "C:\Program Files\Microsoft Visual Studio\18\Enterprise\Common7\IDE\CommonExtensions\Microsoft\Windows.Forms\Microsoft.WinForms.Utilities.VisualStudio.dll" /NoDependencies /ExeConfig:"C:\Program Files\Microsoft Visual Studio\18\Enterprise\Common7\IDE\vsn.exe" /queue:3
08/17/2026 07:46:28.440 [2412]: Executing command from offline queue: install "C:\Program Files\Microsoft Visual Studio\18\Enterprise\Common7\IDE\PrivateAssemblies\Microsoft.VisualStudio.DesignTools.DesignerContract.dll" /NoDependencies /ExeConfig:"C:\Program Files\Microsoft Visual Studio\18\Enterprise\Common7\IDE\vsn.exe" /queue:3
08/17/2026 07:46:28.444 [2412]: Executing command from offline queue: install "C:\Program Files\Microsoft Visual Studio\18\Enterprise\Common7\IDE\PrivateAssemblies\Microsoft.VisualStudio.TestTools.TestGeneration.dll" /NoDependencies /ExeConfig:"C:\Program Files\Microsoft Visual Studio\18\Enterprise\Common7\IDE\vsn.exe" /queue:3
08/17/2026 07:46:28.446 [2412]: Executing command from offline queue: install "C:\Program Files\Microsoft Visual Studio\18\Enterprise\Common7\IDE\PublicAssemblies\Microsoft.Extensions.Logging.dll" /NoDependencies /ExeConfig:"C:\Program Files\Microsoft Visual Studio\18\Enterprise\Common7\IDE\vsn.exe" /queue:3
08/17/2026 07:46:28.449 [2412]: Executing command from offline queue: install "C:\Program Files\Microsoft Visual Studio\18\Enterprise\Common7\IDE\CommonExtensions\Microsoft\VBCSharp\LanguageServices\Microsoft.CodeAnalysis.ExternalAccess.Apex.dll" /NoDependencies /ExeConfig:"C:\Program Files\Microsoft Visual Studio\18\Enterprise\Common7\IDE\vsn.exe" /queue:3
08/17/2026 07:46:28.452 [2412]: Executing command from offline queue: install "C:\Program Files\Microsoft Visual Studio\18\Enterprise\Common7\IDE\PrivateAssemblies\MetricsPackage.dll" /NoDependencies /ExeConfig:"C:\Program Files\Microsoft Visual Studio\18\Enterprise\Common7\IDE\vsn.exe" /queue:3
08/17/2026 07:46:28.455 [2412]: Executing command from offline queue: install "C:\Program Files\Microsoft Visual Studio\18\Enterprise\Common7\IDE\CommonExtensions\Microsoft\Editor\Microsoft.VisualStudio.Text.UI.Wpf.dll" /NoDependencies /ExeConfig:"C:\Program Files\Microsoft Visual Studio\18\Enterprise\Common7\IDE\vsn.exe" /queue:3
08/17/2026 07:46:28.457 [2412]: Executing command from offline queue: install "C:\Program Files\Microsoft Visual Studio\18\Enterprise\MSBuild\Current\Bin\System.Reflection.MetadataLoadContext.dll" /NoDependencies /ExeConfig:"C:\Program Files\Microsoft Visual Studio\18\Enterprise\MSBuild\Current\Bin\MSBuild.exe" /queue:3
08/17/2026 07:46:28.461 [2412]: Executing command from offline queue: install "C:\Program Files\Microsoft Visual Studio\18\Enterprise\Common7\IDE\CommonExtensions\Microsoft\VBCSharp\ExpressionEvaluators\Microsoft.CodeAnalysis.ExpressionEvaluator.ResultProvider.dll" /NoDependencies /ExeConfig:"C:\Program Files\Microsoft Visual Studio\18\Enterprise\Common7\IDE\vsn.exe" /queue:3
08/17/2026 07:46:28.464 [2412]: Executing command from offline queue: install "C:\Program Files\Microsoft Visual Studio\18\Enterprise\Common7\IDE\AppLocalWPF\PresentationFramework.Luna.dll" /NoDependencies /ExeConfig:"C:\Program Files\Microsoft Visual Studio\18\Enterprise\Common7\IDE\vsn.exe" /queue:3
08/17/2026 07:46:28.467 [2412]: Executing command from offline queue: install "C:\Program Files\Microsoft Visual Studio\18\Enterprise\Common7\IDE\CommonExtensions\Microsoft\Editor\Microsoft.VisualStudio.Text.Logic.dll" /NoDependencies /ExeConfig:"C:\Program Files\Microsoft Visual Studio\18\Enterprise\Common7\IDE\vsn.exe" /queue:3
08/17/2026 07:46:28.471 [2412]: Executing command from offline queue: install "C:\Program Files\Microsoft Visual Studio\18\Enterprise\Common7\IDE\PublicAssemblies\SQLite\SQLitePCLRaw.core.dll" /NoDependencies /ExeConfig:"C:\Program Files\Microsoft Visual Studio\18\Enterprise\Common7\IDE\vsn.exe" /queue:3
08/17/2026 07:46:28.478 [2412]: Executing command from offline queue: install "C:\Program Files\Microsoft Visual Studio\18\Enterprise\Common7\IDE\PrivateAssemblies\System.Design.dll" /NoDependencies /ExeConfig:"C:\Program Files\Microsoft Visual Studio\18\Enterprise\Common7\IDE\vsn.exe" /queue:3
08/17/2026 07:46:28.483 [2412]: Executing command from offline queue: install "C:\Program Files\Microsoft Visual Studio\18\Enterprise\Common7\IDE\PrivateAssemblies\Microsoft.VisualStudio.Dialogs.dll" /NoDependencies /ExeConfig:"C:\Program Files\Microsoft Visual Studio\18\Enterprise\Common7\IDE\vsn.exe" /queue:3
08/17/2026 07:46:28.489 [2412]: Executing command from offline queue: install "C:\Program Files\Microsoft Visual Studio\18\Enterprise\Common7\IDE\PrivateAssemblies\Microsoft.VisualStudio.ProjectFlavoring.dll" /NoDependencies /ExeConfig:"C:\Program Files\Microsoft Visual Studio\18\Enterprise\Common7\IDE\vsn.exe" /queue:3
08/17/2026 07:46:28.495 [2412]: Executing command from offline queue: install "C:\Program Files\Microsoft Visual Studio\18\Enterprise\Common7\IDE\PrivateAssemblies\Microsoft.VisualStudio.QualityTools.ControllerObject.dll" /NoDependencies /ExeConfig:"C:\Program Files\Microsoft Visual Studio\18\Enterprise\Common7\IDE\vsn.exe" /queue:3
08/17/2026 07:46:28.503 [2412]: Executing command from offline queue: install "C:\Program Files\Microsoft Visual Studio\18\Enterprise\Common7\IDE\PublicAssemblies\Microsoft.VisualStudio.Modeling.SDK.Integration.dll" /NoDependencies /ExeConfig:"C:\Program Files\Microsoft Visual Studio\18\Enterprise\Common7\IDE\vsn.exe" /queue:3
08/17/2026 07:46:28.511 [2412]: Executing command from offline queue: install "C:\Program Files\Microsoft Visual Studio\18\Enterprise\Common7\IDE\CommonExtensions\Microsoft\VBCSharp\LanguageServices\Microsoft.CodeAnalysis.ExternalAccess.FSharp.dll" /NoDependencies /ExeConfig:"C:\Program Files\Microsoft Visual Studio\18\Enterprise\Common7\IDE\vsn.exe" /queue:3
08/17/2026 07:46:28.521 [2412]: Executing command from offline queue: install "C:\Program Files\Microsoft Visual Studio\18\Enterprise\Common7\IDE\PrivateAssemblies\Microsoft.VisualStudio.QualityTools.AgentObject.dll" /NoDependencies /ExeConfig:"C:\Program Files\Microsoft Visual Studio\18\Enterprise\Common7\IDE\vsn.exe" /queue:3
08/17/2026 07:46:28.527 [2412]: Executing command from offline queue: install "C:\Program Files\Microsoft Visual Studio\18\Enterprise\Common7\IDE\CommonExtensions\Microsoft\TeamFoundation\Team Explorer\Microsoft.TeamFoundation.Client.dll" /NoDependencies /ExeConfig:"C:\Program Files\Microsoft Visual Studio\18\Enterprise\Common7\IDE\vsn.exe" /queue:3
08/17/2026 07:46:28.534 [2412]: Executing command from offline queue: install "C:\Program Files\Microsoft Visual Studio\18\Enterprise\Common7\IDE\CommonExtensions\Microsoft\XamlLanguageService\Microsoft.VisualStudio.DesignTools.XamlLanguageService.dll" /NoDependencies /ExeConfig:"C:\Program Files\Microsoft Visual Studio\18\Enterprise\Common7\IDE\vsn.exe" /queue:3
08/17/2026 07:46:28.539 [2412]: Executing command from offline queue: install "C:\Program Files\Microsoft Visual Studio\18\Enterprise\Common7\IDE\CommonExtensions\Microsoft\Architecture Tools\GraphProviderPackage\Microsoft.VisualStudio.Progression.CodeSchema.dll" /NoDependencies /ExeConfig:"C:\Program Files\Microsoft Visual Studio\18\Enterprise\Common7\IDE\vsn.exe" /queue:3
08/17/2026 07:46:28.547 [2412]: Executing command from offline queue: install "C:\Program Files\Microsoft Visual Studio\18\Enterprise\Common7\IDE\PublicAssemblies\Microsoft.VisualStudio.Modeling.SDK.Integration.Shell.dll" /NoDependencies /ExeConfig:"C:\Program Files\Microsoft Visual Studio\18\Enterprise\Common7\IDE\vsn.exe" /queue:3
08/17/2026 07:46:28.557 [2412]: Executing command from offline queue: install "C:\Program Files\Microsoft Visual Studio\18\Enterprise\Common7\IDE\CommonExtensions\Microsoft\TeamFoundation\SCC Code Lenses\Microsoft.CodeSense.Git.Collaboration.Processing.dll" /NoDependencies /ExeConfig:"C:\Program Files\Microsoft Visual Studio\18\Enterprise\Common7\IDE\vsn.exe" /queue:3
08/17/2026 07:46:28.571 [2412]: Executing command from offline queue: install "C:\Program Files\Microsoft Visual Studio\18\Enterprise\Common7\IDE\PrivateAssemblies\Microsoft.VisualStudio.Diagnostics.Assert.dll" /NoDependencies /ExeConfig:"C:\Program Files\Microsoft Visual Studio\18\Enterprise\Common7\IDE\vsn.exe" /queue:3
08/17/2026 07:46:28.582 [2412]: Executing command from offline queue: install "C:\Program Files\Microsoft Visual Studio\18\Enterprise\Common7\IDE\PublicAssemblies\SQLite\SQLite-net.dll" /NoDependencies /ExeConfig:"C:\Program Files\Microsoft Visual Studio\18\Enterprise\Common7\IDE\vsn.exe" /queue:3
08/17/2026 07:46:28.591 [2412]: Executing command from offline queue: install "C:\Program Files\Microsoft Visual Studio\18\Enterprise\Common7\IDE\Extensions\Microsoft\Copilot\Microsoft.VisualStudio.Copilot.UI.Core.dll" /NoDependencies /ExeConfig:"C:\Program Files\Microsoft Visual Studio\18\Enterprise\Common7\IDE\vsn.exe" /queue:3
08/17/2026 07:46:28.599 [2412]: Executing command from offline queue: install "C:\Program Files\Microsoft Visual Studio\18\Enterprise\Common7\IDE\CommonExtensions\Microsoft\TeamFoundation\Team Explorer\Microsoft.VisualStudio.Commenting.Presentation.dll" /NoDependencies /ExeConfig:"C:\Program Files\Microsoft Visual Studio\18\Enterprise\Common7\IDE\vsn.exe" /queue:3
08/17/2026 07:46:28.603 [2412]: Executing command from offline queue: install "C:\Program Files\Microsoft Visual Studio\18\Enterprise\Common7\IDE\PrivateAssemblies\Microsoft.Msagl.dll" /NoDependencies /ExeConfig:"C:\Program Files\Microsoft Visual Studio\18\Enterprise\Common7\IDE\vsn.exe" /queue:3
08/17/2026 07:46:28.606 [2412]: Executing command from offline queue: install "C:\Program Files\Microsoft Visual Studio\18\Enterprise\MSBuild\Current\Bin\SdkResolvers\Microsoft.DotNet.MSBuildSdkResolver\Microsoft.DotNet.MSBuildSdkResolver.dll" /NoDependencies /ExeConfig:"C:\Program Files\Microsoft Visual Studio\18\Enterprise\Common7\IDE\vsn.exe" /queue:3
08/17/2026 07:46:28.609 [2412]: Executing command from offline queue: install "C:\Program Files\Microsoft Visual Studio\18\Enterprise\Common7\IDE\Microsoft.VisualStudio.Licensing.dll" /NoDependencies /ExeConfig:"C:\Program Files\Microsoft Visual Studio\18\Enterprise\Common7\IDE\vsn.exe" /queue:3
08/17/2026 07:46:28.612 [2412]: Executing command from offline queue: install "C:\Program Files\Microsoft Visual Studio\18\Enterprise\Common7\IDE\PublicAssemblies\Microsoft.Extensions.DependencyModel.dll" /NoDependencies /ExeConfig:"C:\Program Files\Microsoft Visual Studio\18\Enterprise\Common7\IDE\vsn.exe" /queue:3
08/17/2026 07:46:28.614 [2412]: Executing command from offline queue: install "C:\Program Files\Microsoft Visual Studio\18\Enterprise\Common7\IDE\CommonExtensions\Microsoft\Identity\Microsoft.VisualStudio.OnlineLicensing.dll" /NoDependencies /ExeConfig:"C:\Program Files\Microsoft Visual Studio\18\Enterprise\Common7\IDE\vsn.exe" /queue:3
08/17/2026 07:46:28.616 [2412]: Executing command from offline queue: install "C:\Program Files\Microsoft Visual Studio\18\Enterprise\Common7\IDE\PublicAssemblies\Microsoft.IO.Redist.dll" /NoDependencies /ExeConfig:"C:\Program Files\Microsoft Visual Studio\18\Enterprise\Common7\IDE\vsn.exe" /queue:3
08/17/2026 07:46:28.619 [2412]: Executing command from offline queue: install "C:\Program Files\Microsoft Visual Studio\18\Enterprise\Common7\IDE\PublicAssemblies\System.IO.Pipelines.dll" /NoDependencies /ExeConfig:"C:\Program Files\Microsoft Visual Studio\18\Enterprise\Common7\IDE\vsn.exe" /queue:3
08/17/2026 07:46:28.621 [2412]: Executing command from offline queue: install "C:\Program Files\Microsoft Visual Studio\18\Enterprise\Common7\IDE\CommonExtensions\Microsoft\Editor\Microsoft.VisualStudio.Text.Internal.dll" /NoDependencies /ExeConfig:"C:\Program Files\Microsoft Visual Studio\18\Enterprise\Common7\IDE\vsn.exe" /queue:3
08/17/2026 07:46:28.624 [2412]: Executing command from offline queue: install "C:\Program Files\Microsoft Visual Studio\18\Enterprise\Common7\IDE\CommonExtensions\Microsoft\Project\Microsoft.VisualStudio.ProjectSystem.VS.dll" /NoDependencies /ExeConfig:"C:\Program Files\Microsoft Visual Studio\18\Enterprise\Common7\IDE\vsn.exe" /queue:3
08/17/2026 07:46:28.627 [2412]: Executing command from offline queue: install "C:\Program Files\Microsoft Visual Studio\18\Enterprise\Common7\IDE\CommonExtensions\Microsoft\VBCSharp\LiveUnitTesting\Microsoft.CodeAnalysis.LiveUnitTesting.Contracts.dll" /NoDependencies /ExeConfig:"C:\Program Files\Microsoft Visual Studio\18\Enterprise\Common7\IDE\vsn.exe" /queue:3
08/17/2026 07:46:28.630 [2412]: Executing command from offline queue: install "C:\Program Files\Microsoft Visual Studio\18\Enterprise\Common7\IDE\Extensions\Microsoft\Copilot\Microsoft.VisualStudio.Completions.Package.dll" /NoDependencies /ExeConfig:"C:\Program Files\Microsoft Visual Studio\18\Enterprise\Common7\IDE\vsn.exe" /queue:3
08/17/2026 07:46:28.633 [2412]: Executing command from offline queue: install "C:\Program Files\Microsoft Visual Studio\18\Enterprise\Common7\IDE\Microsoft.VisualStudio.Windows.Forms.dll" /NoDependencies /ExeConfig:"C:\Program Files\Microsoft Visual Studio\18\Enterprise\Common7\IDE\vsn.exe" /queue:3
08/17/2026 07:46:28.638 [2412]: Executing command from offline queue: install "C:\Program Files\Microsoft Visual Studio\18\Enterprise\Common7\IDE\CommonExtensions\Microsoft\TeamFoundation\Team Explorer\Microsoft.TeamFoundation.TestManagement.WebApi.dll" /NoDependencies /ExeConfig:"C:\Program Files\Microsoft Visual Studio\18\Enterprise\Common7\IDE\vsn.exe" /queue:3
08/17/2026 07:46:28.645 [2412]: Executing command from offline queue: install "C:\Program Files\Microsoft Visual Studio\18\Enterprise\Common7\IDE\CommonExtensions\Microsoft\TeamFoundation\Team Explorer\Microsoft.VisualStudio.Services.CodeReview.Common.dll" /NoDependencies /ExeConfig:"C:\Program Files\Microsoft Visual Studio\18\Enterprise\Common7\IDE\vsn.exe" /queue:3
08/17/2026 07:46:28.647 [2412]: Executing command from offline queue: install "C:\Program Files\Microsoft Visual Studio\18\Enterprise\Common7\IDE\CommonExtensions\Microsoft\VBCSharp\LanguageServices\Microsoft.CodeAnalysis.EditorFeatures.dll" /NoDependencies /ExeConfig:"C:\Program Files\Microsoft Visual Studio\18\Enterprise\Common7\IDE\vsn.exe" /queue:3
08/17/2026 07:46:28.650 [2412]: Executing command from offline queue: install "C:\Program Files\Microsoft Visual Studio\18\Enterprise\Common7\IDE\AppLocalWPF\System.Printing.dll" /NoDependencies /ExeConfig:"C:\Program Files\Microsoft Visual Studio\18\Enterprise\Common7\IDE\vsn.exe" /queue:3
08/17/2026 07:46:28.653 [2412]: Executing command from offline queue: install "C:\Program Files\Microsoft Visual Studio\18\Enterprise\Common7\IDE\PublicAssemblies\System.Collections.Immutable.dll" /NoDependencies /ExeConfig:"C:\Program Files\Microsoft Visual Studio\18\Enterprise\Common7\IDE\vsn.exe" /queue:3
08/17/2026 07:46:28.656 [2412]: Executing command from offline queue: install "C:\Program Files\Microsoft Visual Studio\18\Enterprise\Common7\IDE\PrivateAssemblies\stanpackage.dll" /NoDependencies /ExeConfig:"C:\Program Files\Microsoft Visual Studio\18\Enterprise\Common7\IDE\vsn.exe" /queue:3
08/17/2026 07:46:28.663 [2412]: Executing command from offline queue: install "C:\Program Files\Microsoft Visual Studio\18\Enterprise\SharedAssemblies\System.Reflection.Metadata\10.0.0.8\10.0.8\netfx\System.Reflection.Metadata.dll" /NoDependencies /ExeConfig:"C:\Program Files\Microsoft Visual Studio\18\Enterprise\Common7\IDE\vsn.exe" /queue:3
08/17/2026 07:46:28.667 [2412]: Executing command from offline queue: install "C:\Program Files\Microsoft Visual Studio\18\Enterprise\Common7\IDE\AppLocalWPF\PresentationFramework.Classic.dll" /NoDependencies /ExeConfig:"C:\Program Files\Microsoft Visual Studio\18\Enterprise\Common7\IDE\vsn.exe" /queue:3
08/17/2026 07:46:28.672 [2412]: Executing command from offline queue: install "C:\Program Files\Microsoft Visual Studio\18\Enterprise\Common7\IDE\PrivateAssemblies\Microsoft.Identity.Client.NativeInterop.dll" /NoDependencies /ExeConfig:"C:\Program Files\Microsoft Visual Studio\18\Enterprise\Common7\IDE\vsn.exe" /queue:3
08/17/2026 07:46:28.677 [2412]: Executing command from offline queue: install "C:\Program Files\Microsoft Visual Studio\18\Enterprise\Common7\IDE\CommonExtensions\Platform\Debugger\VSDebugCoreUI.dll" /NoDependencies /ExeConfig:"C:\Program Files\Microsoft Visual Studio\18\Enterprise\Common7\IDE\vsn.exe" /queue:3
08/17/2026 07:46:28.685 [2412]: Executing command from offline queue: install "C:\Program Files\Microsoft Visual Studio\18\Enterprise\Common7\IDE\CommonExtensions\Microsoft\Interactive\Microsoft.VisualStudio.Interactive.Editor.dll" /NoDependencies /ExeConfig:"C:\Program Files\Microsoft Visual Studio\18\Enterprise\Common7\IDE\vsn.exe" /queue:3
08/17/2026 07:46:28.692 [2412]: Executing command from offline queue: install "C:\Program Files\Microsoft Visual Studio\18\Enterprise\Common7\IDE\Extensions\Microsoft\Aspire\Microsoft.WebTools.Aspire.dll" /NoDependencies /ExeConfig:"C:\Program Files\Microsoft Visual Studio\18\Enterprise\Common7\IDE\vsn.exe" /queue:3
08/17/2026 07:46:28.700 [2412]: Executing command from offline queue: install "C:\Program Files\Microsoft Visual Studio\18\Enterprise\Common7\IDE\CommonExtensions\Microsoft\Interactive\Microsoft.VisualStudio.Interactive.Editor.Contracts.dll" /NoDependencies /ExeConfig:"C:\Program Files\Microsoft Visual Studio\18\Enterprise\Common7\IDE\vsn.exe" /queue:3
08/17/2026 07:46:28.705 [2412]: Executing command from offline queue: install "C:\Program Files\Microsoft Visual Studio\18\Enterprise\Common7\IDE\CommonExtensions\Microsoft\VisualStudio\Editors\Microsoft.VisualStudio.Editors.dll" /NoDependencies /ExeConfig:"C:\Program Files\Microsoft Visual Studio\18\Enterprise\Common7\IDE\vsn.exe" /queue:3
08/17/2026 07:46:28.710 [2412]: Executing command from offline queue: install "C:\Program Files\Microsoft Visual Studio\18\Enterprise\Common7\IDE\QTAgent.exe" /NoDependencies /ExeConfig:"C:\Program Files\Microsoft Visual Studio\18\Enterprise\Common7\IDE\vsn.exe" /queue:3
08/17/2026 07:46:28.715 [2412]: Executing command from offline queue: install "C:\Program Files\Microsoft Visual Studio\18\Enterprise\Common7\IDE\Microsoft.VisualStudio.RegDetour.dll" /NoDependencies /ExeConfig:"C:\Program Files\Microsoft Visual Studio\18\Enterprise\Common7\IDE\PerfWatson2.exe" /queue:3
08/17/2026 07:46:28.720 [2412]: Executing command from offline queue: install "C:\Program Files\Microsoft Visual Studio\18\Enterprise\Common7\IDE\CommonExtensions\Platform\Debugger\Microsoft.VisualStudio.Debugger.UI.Interfaces.dll" /NoDependencies /ExeConfig:"C:\Program Files\Microsoft Visual Studio\18\Enterprise\Common7\IDE\vsn.exe" /queue:3
08/17/2026 07:46:28.727 [2412]: Executing command from offline queue: install "C:\Program Files\Microsoft Visual Studio\18\Enterprise\Common7\IDE\Xml\Microsoft.XmlEditor.dll" /NoDependencies /ExeConfig:"C:\Program Files\Microsoft Visual Studio\18\Enterprise\Common7\IDE\vsn.exe" /queue:3
08/17/2026 07:46:28.732 [2412]: Executing command from offline queue: install "C:\Program Files\Microsoft Visual Studio\18\Enterprise\Common7\IDE\Microsoft.VSDesigner.dll" /NoDependencies /ExeConfig:"C:\Program Files\Microsoft Visual Studio\18\Enterprise\Common7\IDE\vsn.exe" /queue:3
08/17/2026 07:46:28.735 [2412]: Executing command from offline queue: install "C:\Program Files\Microsoft Visual Studio\18\Enterprise\MSBuild\Current\Bin\amd64\Microsoft.NET.StringTools.dll" /NoDependencies /ExeConfig:"C:\Program Files\Microsoft Visual Studio\18\Enterprise\Common7\IDE\vsn.exe" /queue:3
08/17/2026 07:46:28.740 [2412]: Executing command from offline queue: install "C:\Program Files\Microsoft Visual Studio\18\Enterprise\Common7\IDE\CommonExtensions\Microsoft\TeamFoundation\Team Explorer\Microsoft.VisualStudio.CodeReview.dll" /NoDependencies /ExeConfig:"C:\Program Files\Microsoft Visual Studio\18\Enterprise\Common7\IDE\vsn.exe" /queue:3
08/17/2026 07:46:28.744 [2412]: Executing command from offline queue: install "C:\Program Files\Microsoft Visual Studio\18\Enterprise\Common7\IDE\Microsoft.VisualStudio.Web.dll" /NoDependencies /ExeConfig:"C:\Program Files\Microsoft Visual Studio\18\Enterprise\Common7\IDE\vsn.exe" /queue:3
08/17/2026 07:46:28.748 [2412]: Executing command from offline queue: install "C:\Program Files\Microsoft Visual Studio\18\Enterprise\Common7\IDE\CommonExtensions\Microsoft\Windows.Forms\Microsoft.WinForms.Utilities.Desktop.dll" /NoDependencies /ExeConfig:"C:\Program Files\Microsoft Visual Studio\18\Enterprise\Common7\IDE\vsn.exe" /queue:3
08/17/2026 07:46:28.758 [2412]: Executing command from offline queue: install "C:\Program Files\Microsoft Visual Studio\18\Enterprise\MSBuild\Current\Bin\amd64\System.Text.Json.dll" /NoDependencies /ExeConfig:"C:\Program Files\Microsoft Visual Studio\18\Enterprise\Common7\IDE\vsn.exe" /queue:3
08/17/2026 07:46:28.763 [2412]: Executing command from offline queue: install "C:\Program Files\Microsoft Visual Studio\18\Enterprise\Common7\IDE\PrivateAssemblies\Microsoft.VisualStudio.vil.host.dll" /NoDependencies /ExeConfig:"C:\Program Files\Microsoft Visual Studio\18\Enterprise\Common7\IDE\vsn.exe" /queue:3
08/17/2026 07:46:28.772 [2412]: Executing command from offline queue: install "C:\Program Files\Microsoft Visual Studio\18\Enterprise\Common7\IDE\PublicAssemblies\Microsoft.Windows.Design.Interaction.dll" /NoDependencies /ExeConfig:"C:\Program Files\Microsoft Visual Studio\18\Enterprise\Common7\IDE\vsn.exe" /queue:3
08/17/2026 07:46:28.777 [2412]: Executing command from offline queue: install "C:\Program Files\Microsoft Visual Studio\18\Enterprise\Common7\IDE\CommonExtensions\Microsoft\TeamFoundation\Team Explorer\Microsoft.VisualStudio.TeamFoundation.Build.dll" /NoDependencies /ExeConfig:"C:\Program Files\Microsoft Visual Studio\18\Enterprise\Common7\IDE\vsn.exe" /queue:3
08/17/2026 07:46:28.784 [2412]: Executing command from offline queue: install "C:\Program Files\Microsoft Visual Studio\18\Enterprise\Common7\IDE\AppLocalWPF\System.Windows.Presentation.dll" /NoDependencies /ExeConfig:"C:\Program Files\Microsoft Visual Studio\18\Enterprise\Common7\IDE\vsn.exe" /queue:3
08/17/2026 07:46:28.789 [2412]: Executing command from offline queue: install "C:\Program Files\Microsoft Visual Studio\18\Enterprise\Common7\IDE\PublicAssemblies\Microsoft.Extensions.Configuration.dll" /NoDependencies /ExeConfig:"C:\Program Files\Microsoft Visual Studio\18\Enterprise\Common7\IDE\vsn.exe" /queue:3
08/17/2026 07:46:28.796 [2412]: Executing command from offline queue: install "C:\Program Files\Microsoft Visual Studio\18\Enterprise\MSBuild\Current\Bin\Roslyn\System.Runtime.CompilerServices.Unsafe.dll" /NoDependencies /ExeConfig:"C:\Program Files\Microsoft Visual Studio\18\Enterprise\MSBuild\Current\Bin\Roslyn\VBCSCompiler.exe" /queue:3
08/17/2026 07:46:28.802 [2412]: Executing command from offline queue: install "C:\Program Files\Microsoft Visual Studio\18\Enterprise\Common7\IDE\CommonExtensions\Microsoft\IntelliTrace\Microsoft.IntelliTrace.Package.dll" /NoDependencies /ExeConfig:"C:\Program Files\Microsoft Visual Studio\18\Enterprise\Common7\IDE\vsn.exe" /queue:3
08/17/2026 07:46:28.815 [2412]: Executing command from offline queue: install "C:\Program Files\Microsoft Visual Studio\18\Enterprise\MSBuild\Current\Bin\amd64\Microsoft.Build.dll" /NoDependencies /ExeConfig:"C:\Program Files\Microsoft Visual Studio\18\Enterprise\Common7\IDE\vsn.exe" /queue:3
08/17/2026 07:46:28.821 [2412]: Executing command from offline queue: install "C:\Program Files\Microsoft Visual Studio\18\Enterprise\Common7\IDE\CommonExtensions\Microsoft\TeamFoundation\Team Explorer\Microsoft.TeamFoundation.Build.WebApi.dll" /NoDependencies /ExeConfig:"C:\Program Files\Microsoft Visual Studio\18\Enterprise\Common7\IDE\vsn.exe" /queue:3
08/17/2026 07:46:28.827 [2412]: Executing command from offline queue: install "C:\Program Files\Microsoft Visual Studio\18\Enterprise\Common7\IDE\CommonExtensions\Microsoft\NuGet\NuGet.VisualStudio.dll" /NoDependencies /ExeConfig:"C:\Program Files\Microsoft Visual Studio\18\Enterprise\Common7\IDE\vsn.exe" /queue:3
08/17/2026 07:46:28.832 [2412]: Executing command from offline queue: install "C:\Program Files\Microsoft Visual Studio\18\Enterprise\Common7\IDE\CommonExtensions\Microsoft\TextMate\Microsoft.VisualStudio.TextMate.VSWindows.dll" /NoDependencies /ExeConfig:"C:\Program Files\Microsoft Visual Studio\18\Enterprise\Common7\IDE\vsn.exe" /queue:3
08/17/2026 07:46:28.836 [2412]: Executing command from offline queue: install "C:\Program Files\Microsoft Visual Studio\18\Enterprise\Common7\IDE\CommonExtensions\Microsoft\Search\Microsoft.VisualStudio.Search.dll" /NoDependencies /ExeConfig:"C:\Program Files\Microsoft Visual Studio\18\Enterprise\Common7\IDE\vsn.exe" /queue:3
08/17/2026 07:46:28.839 [2412]: Executing command from offline queue: install "C:\Program Files\Microsoft Visual Studio\18\Enterprise\Common7\IDE\PrivateAssemblies\Microsoft.VisualStudio.Modeling.Sdk.Diagrams.GraphObject.dll" /NoDependencies /ExeConfig:"C:\Program Files\Microsoft Visual Studio\18\Enterprise\Common7\IDE\vsn.exe" /queue:3
08/17/2026 07:46:28.842 [2412]: Executing command from offline queue: install "C:\Program Files\Microsoft Visual Studio\18\Enterprise\Common7\IDE\CommonExtensions\Microsoft\OpenFolder\Microsoft.VisualStudio.Workspace.Implementation.dll" /NoDependencies /ExeConfig:"C:\Program Files\Microsoft Visual Studio\18\Enterprise\Common7\IDE\vsn.exe" /queue:3
08/17/2026 07:46:28.847 [2412]: Executing command from offline queue: install "C:\Program Files\Microsoft Visual Studio\18\Enterprise\Common7\IDE\CommonExtensions\Microsoft\IntelliTrace\Microsoft.IntelliTrace.Package.Common.dll" /NoDependencies /ExeConfig:"C:\Program Files\Microsoft Visual Studio\18\Enterprise\Common7\IDE\vsn.exe" /queue:3
08/17/2026 07:46:28.851 [2412]: Executing command from offline queue: install "C:\Program Files\Microsoft Visual Studio\18\Enterprise\MSBuild\Microsoft\VisualStudio\v18.0\TextTemplating\Microsoft.VisualStudio.TextTemplating.Sdk.Host.dll" /NoDependencies /ExeConfig:"C:\Program Files\Microsoft Visual Studio\18\Enterprise\Common7\IDE\vsn.exe" /queue:3
08/17/2026 07:46:28.854 [2412]: Executing command from offline queue: install "C:\Program Files\Microsoft Visual Studio\18\Enterprise\Common7\IDE\PrivateAssemblies\Microsoft.VisualStudio.Utilities.Internal.dll" /NoDependencies /ExeConfig:"C:\Program Files\Microsoft Visual Studio\18\Enterprise\Common7\IDE\vsn.exe" /queue:3
08/17/2026 07:46:28.858 [2412]: Executing command from offline queue: install "C:\Program Files\Microsoft Visual Studio\18\Enterprise\MSBuild\Current\Bin\Microsoft.Build.Framework.dll" /NoDependencies /ExeConfig:"C:\Program Files\Microsoft Visual Studio\18\Enterprise\Common7\IDE\vsn.exe" /queue:3
08/17/2026 07:46:28.863 [2412]: Executing command from offline queue: install "C:\Program Files\Microsoft Visual Studio\18\Enterprise\Common7\IDE\Microsoft.VisualStudio.Designer.Interfaces.dll" /NoDependencies /ExeConfig:"C:\Program Files\Microsoft Visual Studio\18\Enterprise\Common7\IDE\vsn.exe" /queue:3
08/17/2026 07:46:28.869 [2412]: Executing command from offline queue: install "C:\Program Files\Microsoft Visual Studio\18\Enterprise\Common7\IDE\CommonExtensions\Platform\ParallelDebugger\Microsoft.VisualStudio.Debugger.Parallel.Extension.dll" /NoDependencies /ExeConfig:"C:\Program Files\Microsoft Visual Studio\18\Enterprise\Common7\IDE\vsn.exe" /queue:3
08/17/2026 07:46:28.873 [2412]: Executing command from offline queue: install "C:\Program Files\Microsoft Visual Studio\18\Enterprise\Common7\IDE\CommonExtensions\Microsoft\VBCSharp\LanguageServices\Microsoft.VisualStudio.LanguageServices.ExternalAccess.Copilot.dll" /NoDependencies /ExeConfig:"C:\Program Files\Microsoft Visual Studio\18\Enterprise\Common7\IDE\vsn.exe" /queue:3
08/17/2026 07:46:28.877 [2412]: Executing command from offline queue: install "C:\Program Files\Microsoft Visual Studio\18\Enterprise\Common7\IDE\PrivateAssemblies\Microsoft.VisualStudio.DesignTools.XamlSurfaceDesigner.dll" /NoDependencies /ExeConfig:"C:\Program Files\Microsoft Visual Studio\18\Enterprise\Common7\IDE\vsn.exe" /queue:3
08/17/2026 07:46:28.881 [2412]: Executing command from offline queue: install "C:\Program Files\Microsoft Visual Studio\18\Enterprise\Common7\IDE\AppLocalWPF\DirectWriteForwarder.dll" /NoDependencies /ExeConfig:"C:\Program Files\Microsoft Visual Studio\18\Enterprise\Common7\IDE\vsn.exe" /queue:3
08/17/2026 07:46:28.883 [2412]: Executing command from offline queue: install "C:\Program Files\Microsoft Visual Studio\18\Enterprise\Common7\IDE\AppLocalWPF\System.Formats.Nrbf.dll" /NoDependencies /ExeConfig:"C:\Program Files\Microsoft Visual Studio\18\Enterprise\Common7\IDE\vsn.exe" /queue:3
08/17/2026 07:46:28.885 [2412]: Executing command from offline queue: install "C:\Program Files\Microsoft Visual Studio\18\Enterprise\Common7\IDE\Extensions\Microsoft\DebuggerServices\Microsoft.VisualStudio.Debugger.Shared.dll" /NoDependencies /ExeConfig:"C:\Program Files\Microsoft Visual Studio\18\Enterprise\Common7\IDE\vsn.exe" /queue:3
08/17/2026 07:46:28.888 [2412]: Executing command from offline queue: install "C:\Program Files\Microsoft Visual Studio\18\Enterprise\Common7\IDE\AppLocalWPF\System.IO.Packaging.dll" /NoDependencies /ExeConfig:"C:\Program Files\Microsoft Visual Studio\18\Enterprise\Common7\IDE\vsn.exe" /queue:3
08/17/2026 07:46:28.893 [2412]: Executing command from offline queue: install "C:\Program Files\Microsoft Visual Studio\18\Enterprise\Common7\IDE\PrivateAssemblies\Microsoft.VisualStudio.QualityTools.AgentProcessManager.dll" /NoDependencies /ExeConfig:"C:\Program Files\Microsoft Visual Studio\18\Enterprise\Common7\IDE\vsn.exe" /queue:3
08/17/2026 07:46:28.896 [2412]: Executing command from offline queue: install "C:\Program Files\Microsoft Visual Studio\18\Enterprise\Common7\IDE\PrivateAssemblies\vsdebugeng.manimpl.dll" /NoDependencies /ExeConfig:"C:\Program Files\Microsoft Visual Studio\18\Enterprise\Common7\IDE\vsn.exe" /queue:3
08/17/2026 07:46:28.900 [2412]: Executing command from offline queue: install "C:\Program Files\Microsoft Visual Studio\18\Enterprise\Common7\IDE\CommonExtensions\Microsoft\NuGet\NuGet.Frameworks.dll" /NoDependencies /ExeConfig:"C:\Program Files\Microsoft Visual Studio\18\Enterprise\Common7\IDE\vsn.exe" /queue:3
08/17/2026 07:46:28.904 [2412]: Executing command from offline queue: install "C:\Program Files\Microsoft Visual Studio\18\Enterprise\Common7\IDE\CommonExtensions\Microsoft\VBCSharp\ExpressionEvaluators\Microsoft.CodeAnalysis.VisualBasic.ExpressionEvaluator.ResultProvider.dll" /NoDependencies /ExeConfig:"C:\Program Files\Microsoft Visual Studio\18\Enterprise\Common7\IDE\vsn.exe" /queue:3
08/17/2026 07:46:28.906 [2412]: Executing command from offline queue: install "C:\Program Files\Microsoft Visual Studio\18\Enterprise\Common7\IDE\CommonExtensions\Microsoft\TeamFoundation\Team Explorer\Microsoft.TeamFoundation.Build.Common.dll" /NoDependencies /ExeConfig:"C:\Program Files\Microsoft Visual Studio\18\Enterprise\Common7\IDE\vsn.exe" /queue:3
08/17/2026 07:46:28.908 [2412]: Executing command from offline queue: install "C:\Program Files\Microsoft Visual Studio\18\Enterprise\SharedAssemblies\Microsoft.VisualStudio.RemoteControl\14.0.0.0\16.3.52\netfx\Microsoft.VisualStudio.RemoteControl.dll" /NoDependencies /ExeConfig:"C:\Program Files\Microsoft Visual Studio\18\Enterprise\Common7\IDE\vsn.exe" /queue:3
08/17/2026 07:46:28.912 [2412]: Executing command from offline queue: install "C:\Program Files\Microsoft Visual Studio\18\Enterprise\SharedAssemblies\Microsoft.IdentityModel.Tokens\8.15.0.0\8.15.0\netfx\Microsoft.IdentityModel.Tokens.dll" /NoDependencies /ExeConfig:"C:\Program Files\Microsoft Visual Studio\18\Enterprise\Common7\IDE\vsn.exe" /queue:3
08/17/2026 07:46:28.916 [2412]: Executing command from offline queue: install "C:\Program Files\Microsoft Visual Studio\18\Enterprise\Common7\IDE\CommonExtensions\Microsoft\TeamFoundation\Team Explorer\Microsoft.VisualStudio.TeamFoundation.dll" /NoDependencies /ExeConfig:"C:\Program Files\Microsoft Visual Studio\18\Enterprise\Common7\IDE\vsn.exe" /queue:3
08/17/2026 07:46:28.924 [2412]: Executing command from offline queue: install "C:\Program Files\Microsoft Visual Studio\18\Enterprise\Common7\IDE\CommonExtensions\Microsoft\Architecture Tools\GraphProviderPackage\Microsoft.VisualStudio.Progression.Interfaces.dll" /NoDependencies /ExeConfig:"C:\Program Files\Microsoft Visual Studio\18\Enterprise\Common7\IDE\vsn.exe" /queue:3
08/17/2026 07:46:28.928 [2412]: Executing command from offline queue: install "C:\Program Files\Microsoft Visual Studio\18\Enterprise\Common7\IDE\CommonExtensions\Microsoft\VBCSharp\LiveUnitTesting\Microsoft.VisualStudio.TestPlatform.Fakes.dll" /NoDependencies /ExeConfig:"C:\Program Files\Microsoft Visual Studio\18\Enterprise\Common7\IDE\vsn.exe" /queue:3
08/17/2026 07:46:28.936 [2412]: Executing command from offline queue: install "C:\Program Files\Microsoft Visual Studio\18\Enterprise\Common7\IDE\PrivateAssemblies\Microsoft.VisualStudio.DesignTools.Markup.dll" /NoDependencies /ExeConfig:"C:\Program Files\Microsoft Visual Studio\18\Enterprise\Common7\IDE\vsn.exe" /queue:3
08/17/2026 07:46:28.942 [2412]: Executing command from offline queue: install "C:\Program Files\Microsoft Visual Studio\18\Enterprise\Common7\IDE\CommonExtensions\Microsoft\InteractiveWindow\Microsoft.VisualStudio.InteractiveWindow.dll" /NoDependencies /ExeConfig:"C:\Program Files\Microsoft Visual Studio\18\Enterprise\Common7\IDE\vsn.exe" /queue:3
08/17/2026 07:46:28.948 [2412]: Executing command from offline queue: install "C:\Program Files\Microsoft Visual Studio\18\Enterprise\Common7\IDE\CommonExtensions\Microsoft\Search\Microsoft.VisualStudio.Search.Implementation.dll" /NoDependencies /ExeConfig:"C:\Program Files\Microsoft Visual Studio\18\Enterprise\Common7\IDE\vsn.exe" /queue:3
08/17/2026 07:46:28.955 [2412]: Executing command from offline queue: install "C:\Program Files\Microsoft Visual Studio\18\Enterprise\Common7\IDE\PrivateAssemblies\Microsoft.VisualStudio.QualityTools.DataCollectionAgentObject.dll" /NoDependencies /ExeConfig:"C:\Program Files\Microsoft Visual Studio\18\Enterprise\Common7\IDE\vsn.exe" /queue:3
08/17/2026 07:46:28.963 [2412]: Executing command from offline queue: install "C:\Program Files\Microsoft Visual Studio\18\Enterprise\Common7\IDE\Microsoft.VisualStudio.ExtensionEngineContract.dll" /NoDependencies /ExeConfig:"C:\Program Files\Microsoft Visual Studio\18\Enterprise\Common7\IDE\vsn.exe" /queue:3
08/17/2026 07:46:28.969 [2412]: Executing command from offline queue: install "C:\Program Files\Microsoft Visual Studio\18\Enterprise\Common7\IDE\PublicAssemblies\Microsoft.Extensions.Options.ConfigurationExtensions.dll" /NoDependencies /ExeConfig:"C:\Program Files\Microsoft Visual Studio\18\Enterprise\Common7\IDE\vsn.exe" /queue:3
08/17/2026 07:46:28.978 [2412]: Executing command from offline queue: install "System.Web.Abstractions, Version=4.0.0.0, Culture=neutral, PublicKeyToken=31bf3856ad364e35" /NoDependencies /queue:3 /nologo
08/17/2026 07:46:28.984 [2412]: Executing command from offline queue: install "System.Numerics, Version=4.0.0.0, Culture=neutral, PublicKeyToken=b77a5c561934e089" /NoDependencies /queue:3 /nologo
08/17/2026 07:46:28.991 [2412]: Executing command from offline queue: install "System.Data.DataSetExtensions, Version=4.0.0.0, Culture=neutral, PublicKeyToken=b77a5c561934e089" /NoDependencies /queue:3 /nologo
08/17/2026 07:46:28.996 [2412]: Executing command from offline queue: install "Microsoft.VisualC, Version=10.0.0.0, Culture=neutral, PublicKeyToken=b03f5f7f11d50a3a" /NoDependencies /queue:3 /nologo
08/17/2026 07:46:29.001 [2412]: Executing command from offline queue: install "Microsoft.VisualBasic.Activities.Compiler, Version=10.0.0.0, Culture=neutral, PublicKeyToken=b03f5f7f11d50a3a" /NoDependencies /queue:3 /nologo
08/17/2026 07:46:29.005 [2412]: Executing command from offline queue: install "Microsoft.Activities.Build, Version=4.0.0.0, Culture=neutral, PublicKeyToken=31bf3856ad364e35" /NoDependencies /queue:3 /nologo
08/17/2026 07:46:29.011 [2412]: Executing command from offline queue: install "Microsoft.VisualBasic.Compatibility.Data, Version=10.0.0.0, Culture=neutral, PublicKeyToken=b03f5f7f11d50a3a" /NoDependencies /queue:3 /nologo
08/17/2026 07:46:29.022 [2412]: Executing command from offline queue: install "UIAutomationClientsideProviders, Version=4.0.0.0, Culture=neutral, PublicKeyToken=31bf3856ad364e35" /NoDependencies /queue:3 /nologo
08/17/2026 07:46:29.034 [2412]: Executing command from offline queue: install "System.IO.Compression.FileSystem, Version=4.0.0.0, Culture=neutral, PublicKeyToken=b77a5c561934e089" /NoDependencies /queue:3 /nologo
08/17/2026 07:46:29.039 [2412]: Executing command from offline queue: install "SMDiagnostics, Version=4.0.0.0, Culture=neutral, PublicKeyToken=b77a5c561934e089" /NoDependencies /queue:3 /nologo
08/17/2026 07:46:29.047 [2412]: Executing command from offline queue: install "Accessibility, Version=4.0.0.0, Culture=neutral, PublicKeyToken=b03f5f7f11d50a3a" /NoDependencies /queue:3 /nologo
08/17/2026 07:46:29.052 [2412]: Executing command from offline queue: install "PresentationFramework-SystemData, Version=4.0.0.0, Culture=neutral, PublicKeyToken=b77a5c561934e089" /NoDependencies /queue:3 /nologo
08/17/2026 07:46:29.058 [2412]: Executing command from offline queue: install "System.WorkflowServices, Version=4.0.0.0, Culture=neutral, PublicKeyToken=31bf3856ad364e35" /NoDependencies /queue:3 /nologo
08/17/2026 07:46:29.062 [2412]: Executing command from offline queue: install "AspNetMMCExt, Version=4.0.0.0, Culture=neutral, PublicKeyToken=b03f5f7f11d50a3a" /NoDependencies /queue:3 /nologo
08/17/2026 07:46:29.067 [2412]: Executing command from offline queue: install "C:\windows\Microsoft.NET\Framework64\v4.0.30319\dfsvc.exe" /NoDependencies /queue:3 /nologo
08/17/2026 07:46:29.070 [2412]: Executing command from offline queue: install "System.Windows.Presentation, Version=4.0.0.0, Culture=neutral, PublicKeyToken=b77a5c561934e089" /NoDependencies /queue:3 /nologo
08/17/2026 07:46:29.073 [2412]: Executing command from offline queue: install "WindowsBase, Version=4.0.0.0, Culture=neutral, PublicKeyToken=31bf3856ad364e35" /NoDependencies /queue:3 /nologo
08/17/2026 07:46:29.076 [2412]: Executing command from offline queue: install "XsdBuildTask, Version=4.0.0.0, Culture=neutral, PublicKeyToken=31bf3856ad364e35" /NoDependencies /queue:3 /nologo
08/17/2026 07:46:29.079 [2412]: Executing command from offline queue: install "System.Web.ApplicationServices, Version=4.0.0.0, Culture=neutral, PublicKeyToken=31bf3856ad364e35" /NoDependencies /queue:3 /nologo
08/17/2026 07:46:29.082 [2412]: Executing command from offline queue: install "System.Device, Version=4.0.0.0, Culture=neutral, PublicKeyToken=b77a5c561934e089" /NoDependencies /queue:3 /nologo
08/17/2026 07:46:29.088 [2412]: Executing command from offline queue: install "System.Windows.Input.Manipulations, Version=4.0.0.0, Culture=neutral, PublicKeyToken=b77a5c561934e089" /NoDependencies /queue:3 /nologo
08/17/2026 07:46:29.092 [2412]: Executing command from offline queue: install "System.Xaml.Hosting, Version=4.0.0.0, Culture=neutral, PublicKeyToken=31bf3856ad364e35" /NoDependencies /queue:3 /nologo
08/17/2026 07:46:29.097 [2412]: Executing command from offline queue: install "System.Drawing, Version=4.0.0.0, Culture=neutral, PublicKeyToken=b03f5f7f11d50a3a" /NoDependencies /queue:3 /nologo
08/17/2026 07:46:29.103 [2412]: Executing command from offline queue: install "System.Configuration, Version=4.0.0.0, Culture=neutral, PublicKeyToken=b03f5f7f11d50a3a" /NoDependencies /queue:3 /nologo
08/17/2026 07:46:29.108 [2412]: Executing command from offline queue: install "System.Core, Version=4.0.0.0, Culture=neutral, PublicKeyToken=b77a5c561934e089" /NoDependencies /queue:3 /nologo
08/17/2026 07:46:29.114 [2412]: Executing command from offline queue: install "System.Reflection.Context, Version=4.0.0.0, Culture=neutral, PublicKeyToken=b77a5c561934e089" /NoDependencies /queue:3 /nologo
08/17/2026 07:46:29.122 [2412]: Executing command from offline queue: install "System.IdentityModel, Version=4.0.0.0, Culture=neutral, PublicKeyToken=b77a5c561934e089" /NoDependencies /queue:3 /nologo
08/17/2026 07:46:29.129 [2412]: Executing command from offline queue: install "Microsoft.Transactions.Bridge.Dtc, Version=4.0.0.0, Culture=neutral, PublicKeyToken=b03f5f7f11d50a3a" /NoDependencies /queue:3 /nologo
08/17/2026 07:46:29.135 [2412]: Executing command from offline queue: install "System.Workflow.ComponentModel, Version=4.0.0.0, Culture=neutral, PublicKeyToken=31bf3856ad364e35" /NoDependencies /queue:3 /nologo
08/17/2026 07:46:29.148 [2412]: Executing command from offline queue: install "System.Web.Entity, Version=4.0.0.0, Culture=neutral, PublicKeyToken=b77a5c561934e089" /NoDependencies /queue:3 /nologo
08/17/2026 07:46:29.153 [2412]: Executing command from offline queue: install "UIAutomationTypes, Version=4.0.0.0, Culture=neutral, PublicKeyToken=31bf3856ad364e35" /NoDependencies /queue:3 /nologo
08/17/2026 07:46:29.157 [2412]: Executing command from offline queue: install "System.Web.DataVisualization.Design, Version=4.0.0.0, Culture=neutral, PublicKeyToken=31bf3856ad364e35" /NoDependencies /queue:3 /nologo
08/17/2026 07:46:29.163 [2412]: Executing command from offline queue: install "System.Security, Version=4.0.0.0, Culture=neutral, PublicKeyToken=b03f5f7f11d50a3a" /NoDependencies /queue:3 /nologo
08/17/2026 07:46:29.168 [2412]: Executing command from offline queue: install "System.Runtime.Remoting, Version=4.0.0.0, Culture=neutral, PublicKeyToken=b77a5c561934e089" /NoDependencies /queue:3 /nologo
08/17/2026 07:46:29.172 [2412]: Executing command from offline queue: install "System.Data.Services, Version=4.0.0.0, Culture=neutral, PublicKeyToken=b77a5c561934e089" /NoDependencies /queue:3 /nologo
08/17/2026 07:46:29.178 [2412]: Executing command from offline queue: install "Microsoft.Transactions.Bridge, Version=4.0.0.0, Culture=neutral, PublicKeyToken=b03f5f7f11d50a3a" /NoDependencies /queue:3 /nologo
08/17/2026 07:46:29.187 [2412]: Executing command from offline queue: install "System.Runtime.Caching, Version=4.0.0.0, Culture=neutral, PublicKeyToken=b03f5f7f11d50a3a" /NoDependencies /queue:3 /nologo
08/17/2026 07:46:29.193 [2412]: Executing command from offline queue: install "System.Activities.Presentation, Version=4.0.0.0, Culture=neutral, PublicKeyToken=31bf3856ad364e35" /NoDependencies /queue:3 /nologo
08/17/2026 07:46:29.203 [2412]: Executing command from offline queue: install "C:\windows\Microsoft.NET\Framework64\v4.0.30319\SMSvcHost.exe" /NoDependencies /queue:3 /nologo
08/17/2026 07:46:29.209 [2412]: Executing command from offline queue: install "C:\windows\Microsoft.NET\Framework64\v4.0.30319\MSBuild.exe" /NoDependencies /queue:3 /nologo
08/17/2026 07:46:29.216 [2412]: Executing command from offline queue: install "System.DirectoryServices.Protocols, Version=4.0.0.0, Culture=neutral, PublicKeyToken=b03f5f7f11d50a3a" /NoDependencies /queue:3 /nologo
08/17/2026 07:46:29.223 [2412]: Executing command from offline queue: install "System.Web.Services, Version=4.0.0.0, Culture=neutral, PublicKeyToken=b03f5f7f11d50a3a" /NoDependencies /queue:3 /nologo
08/17/2026 07:46:29.236 [2412]: Executing command from offline queue: install "System.Net.Http.WebRequest, Version=4.0.0.0, Culture=neutral, PublicKeyToken=b03f5f7f11d50a3a" /NoDependencies /queue:3 /nologo
08/17/2026 07:46:29.249 [2412]: Executing command from offline queue: install "System.Deployment, Version=4.0.0.0, Culture=neutral, PublicKeyToken=b03f5f7f11d50a3a" /NoDependencies /queue:3 /nologo
08/17/2026 07:46:29.257 [2412]: Executing command from offline queue: install "Microsoft.Internal.Tasks.Dataflow, Version=4.0.0.0, Culture=neutral, PublicKeyToken=b77a5c561934e089" /NoDependencies /queue:3 /nologo
08/17/2026 07:46:29.263 [2412]: Executing command from offline queue: install "System.Web.Mobile, Version=4.0.0.0, Culture=neutral, PublicKeyToken=b03f5f7f11d50a3a" /NoDependencies /queue:3 /nologo
08/17/2026 07:46:29.270 [2412]: Executing command from offline queue: install "System.Data.Linq, Version=4.0.0.0, Culture=neutral, PublicKeyToken=b77a5c561934e089" /NoDependencies /queue:3 /nologo
08/17/2026 07:46:29.275 [2412]: Executing command from offline queue: install "System.Net.Http, Version=4.0.0.0, Culture=neutral, PublicKeyToken=b03f5f7f11d50a3a" /NoDependencies /queue:3 /nologo
08/17/2026 07:46:29.281 [2412]: Executing command from offline queue: install "Microsoft.CSharp, Version=4.0.0.0, Culture=neutral, PublicKeyToken=b03f5f7f11d50a3a" /NoDependencies /queue:3 /nologo
08/17/2026 07:46:29.286 [2412]: Executing command from offline queue: install "System.Xml, Version=4.0.0.0, Culture=neutral, PublicKeyToken=b77a5c561934e089" /NoDependencies /queue:3 /nologo
08/17/2026 07:46:29.293 [2412]: Executing command from offline queue: install "System.ServiceModel.Web, Version=4.0.0.0, Culture=neutral, PublicKeyToken=31bf3856ad364e35" /NoDependencies /queue:3 /nologo
08/17/2026 07:46:29.300 [2412]: Executing command from offline queue: install "System.Data, Version=4.0.0.0, Culture=neutral, PublicKeyToken=b77a5c561934e089" /NoDependencies /queue:3 /nologo
08/17/2026 07:46:29.311 [2412]: Executing command from offline queue: install "System.Web.RegularExpressions, Version=4.0.0.0, Culture=neutral, PublicKeyToken=b03f5f7f11d50a3a" /NoDependencies /queue:3 /nologo
08/17/2026 07:46:29.316 [2412]: Executing command from offline queue: install "System.EnterpriseServices, Version=4.0.0.0, Culture=neutral, PublicKeyToken=b03f5f7f11d50a3a" /NoDependencies /queue:3 /nologo
08/17/2026 07:46:29.323 [2412]: Executing command from offline queue: install "System.DirectoryServices, Version=4.0.0.0, Culture=neutral, PublicKeyToken=b03f5f7f11d50a3a" /NoDependencies /queue:3 /nologo
08/17/2026 07:46:29.327 [2412]: Executing command from offline queue: install "UIAutomationClient, Version=4.0.0.0, Culture=neutral, PublicKeyToken=31bf3856ad364e35" /NoDependencies /queue:3 /nologo
08/17/2026 07:46:29.333 [2412]: Executing command from offline queue: install "PresentationFramework.Aero, Version=4.0.0.0, Culture=neutral, PublicKeyToken=31bf3856ad364e35" /NoDependencies /queue:3 /nologo
08/17/2026 07:46:29.337 [2412]: Executing command from offline queue: install "System.Windows.Forms.DataVisualization.Design, Version=4.0.0.0, Culture=neutral, PublicKeyToken=31bf3856ad364e35" /NoDependencies /queue:3 /nologo
08/17/2026 07:46:29.341 [2412]: Executing command from offline queue: install "PresentationCore, Version=4.0.0.0, Culture=neutral, PublicKeyToken=31bf3856ad364e35" /NoDependencies /queue:3 /nologo
08/17/2026 07:46:29.345 [2412]: Executing command from offline queue: install "System.ServiceModel.Activation, Version=4.0.0.0, Culture=neutral, PublicKeyToken=31bf3856ad364e35" /NoDependencies /queue:3 /nologo
08/17/2026 07:46:29.351 [2412]: Executing command from offline queue: install "System.Workflow.Runtime, Version=4.0.0.0, Culture=neutral, PublicKeyToken=31bf3856ad364e35" /NoDependencies /queue:3 /nologo
08/17/2026 07:46:29.359 [2412]: Executing command from offline queue: install "System.Dynamic, Version=4.0.0.0, Culture=neutral, PublicKeyToken=b03f5f7f11d50a3a" /NoDependencies /queue:3 /nologo
08/17/2026 07:46:29.369 [2412]: Executing command from offline queue: install "System.ServiceProcess, Version=4.0.0.0, Culture=neutral, PublicKeyToken=b03f5f7f11d50a3a" /NoDependencies /queue:3 /nologo
08/17/2026 07:46:29.376 [2412]: Executing command from offline queue: install "System.Runtime.Serialization, Version=4.0.0.0, Culture=neutral, PublicKeyToken=b77a5c561934e089" /NoDependencies /queue:3 /nologo
08/17/2026 07:46:29.383 [2412]: Executing command from offline queue: install "System.Activities.Core.Presentation, Version=4.0.0.0, Culture=neutral, PublicKeyToken=31bf3856ad364e35" /NoDependencies /queue:3 /nologo
08/17/2026 07:46:29.392 [2412]: Executing command from offline queue: install "ReachFramework, Version=4.0.0.0, Culture=neutral, PublicKeyToken=31bf3856ad364e35" /NoDependencies /queue:3 /nologo
08/17/2026 07:46:29.403 [2412]: Executing command from offline queue: install "PresentationFramework, Version=4.0.0.0, Culture=neutral, PublicKeyToken=31bf3856ad364e35" /NoDependencies /queue:3 /nologo
08/17/2026 07:46:29.409 [2412]: Executing command from offline queue: install "System.DirectoryServices.AccountManagement, Version=4.0.0.0, Culture=neutral, PublicKeyToken=b77a5c561934e089" /NoDependencies /queue:3 /nologo
08/17/2026 07:46:29.415 [2412]: Executing command from offline queue: install "System.Runtime.Serialization.Formatters.Soap, Version=4.0.0.0, Culture=neutral, PublicKeyToken=b03f5f7f11d50a3a" /NoDependencies /queue:3 /nologo
08/17/2026 07:46:29.418 [2412]: Executing command from offline queue: install "System, Version=4.0.0.0, Culture=neutral, PublicKeyToken=b77a5c561934e089" /NoDependencies /queue:1 /nologo /netfxpri1
08/17/2026 07:46:29.423 [2412]: Executing command from offline queue: install "System.ComponentModel.Composition, Version=4.0.0.0, Culture=neutral, PublicKeyToken=b77a5c561934e089" /NoDependencies /queue:3 /nologo
08/17/2026 07:46:29.426 [2412]: Executing command from offline queue: install "UIAutomationProvider, Version=4.0.0.0, Culture=neutral, PublicKeyToken=31bf3856ad364e35" /NoDependencies /queue:3 /nologo
08/17/2026 07:46:29.429 [2412]: Executing command from offline queue: install "System.Management, Version=4.0.0.0, Culture=neutral, PublicKeyToken=b03f5f7f11d50a3a" /NoDependencies /queue:3 /nologo
08/17/2026 07:46:29.432 [2412]: Executing command from offline queue: install "Microsoft.Workflow.Compiler, Version=4.0.0.0, Culture=neutral, PublicKeyToken=31bf3856ad364e35" /NoDependencies /queue:3 /nologo
08/17/2026 07:46:29.435 [2412]: Executing command from offline queue: install "System.Printing, Version=4.0.0.0, Culture=neutral, PublicKeyToken=31bf3856ad364e35" /NoDependencies /queue:3 /nologo
08/17/2026 07:46:29.437 [2412]: Executing command from offline queue: install "System.Drawing.Design, Version=4.0.0.0, Culture=neutral, PublicKeyToken=b03f5f7f11d50a3a" /NoDependencies /queue:3 /nologo
08/17/2026 07:46:29.440 [2412]: Executing command from offline queue: install "C:\windows\Microsoft.NET\Framework64\v4.0.30319\WsatConfig.exe" /NoDependencies /queue:3 /nologo
08/17/2026 07:46:29.444 [2412]: Executing command from offline queue: install "System.Data.Entity.Design, Version=4.0.0.0, Culture=neutral, PublicKeyToken=b77a5c561934e089" /NoDependencies /queue:3 /nologo
08/17/2026 07:46:29.446 [2412]: Executing command from offline queue: install "PresentationBuildTasks, Version=4.0.0.0, Culture=neutral, PublicKeyToken=31bf3856ad364e35" /NoDependencies /queue:3 /nologo
08/17/2026 07:46:29.449 [2412]: Executing command from offline queue: install "System.Xml.Serialization, Version=4.0.0.0, Culture=neutral, PublicKeyToken=b77a5c561934e089" /NoDependencies /queue:3 /nologo
08/17/2026 07:46:29.452 [2412]: Executing command from offline queue: install "System.Workflow.Activities, Version=4.0.0.0, Culture=neutral, PublicKeyToken=31bf3856ad364e35" /NoDependencies /queue:3 /nologo
08/17/2026 07:46:29.455 [2412]: Executing command from offline queue: install "System.Data.Services.Design, Version=4.0.0.0, Culture=neutral, PublicKeyToken=b77a5c561934e089" /NoDependencies /queue:3 /nologo
08/17/2026 07:46:29.457 [2412]: Executing command from offline queue: install "PresentationFramework-SystemDrawing, Version=4.0.0.0, Culture=neutral, PublicKeyToken=b77a5c561934e089" /NoDependencies /queue:3 /nologo
08/17/2026 07:46:29.460 [2412]: Executing command from offline queue: install "Microsoft.VisualBasic, Version=10.0.0.0, Culture=neutral, PublicKeyToken=b03f5f7f11d50a3a" /NoDependencies /queue:3 /nologo
08/17/2026 07:46:29.463 [2412]: Executing command from offline queue: install "Microsoft.VisualBasic.Compatibility, Version=10.0.0.0, Culture=neutral, PublicKeyToken=b03f5f7f11d50a3a" /NoDependencies /queue:3 /nologo
08/17/2026 07:46:29.466 [2412]: Executing command from offline queue: install "System.ServiceModel.Routing, Version=4.0.0.0, Culture=neutral, PublicKeyToken=31bf3856ad364e35" /NoDependencies /queue:3 /nologo
08/17/2026 07:46:29.468 [2412]: Executing command from offline queue: install "System.Transactions, Version=4.0.0.0, Culture=neutral, PublicKeyToken=b77a5c561934e089" /NoDependencies /queue:3 /nologo
08/17/2026 07:46:29.472 [2412]: Executing command from offline queue: install "System.Management.Instrumentation, Version=4.0.0.0, Culture=neutral, PublicKeyToken=b77a5c561934e089" /NoDependencies /queue:3 /nologo
08/17/2026 07:46:29.475 [2412]: Executing command from offline queue: install "PresentationFramework.Classic, Version=4.0.0.0, Culture=neutral, PublicKeyToken=31bf3856ad364e35" /NoDependencies /queue:3 /nologo
08/17/2026 07:46:29.478 [2412]: Executing command from offline queue: install "WindowsFormsIntegration, Version=4.0.0.0, Culture=neutral, PublicKeyToken=31bf3856ad364e35" /NoDependencies /queue:3 /nologo
08/17/2026 07:46:29.481 [2412]: Executing command from offline queue: install "PresentationFramework.Royale, Version=4.0.0.0, Culture=neutral, PublicKeyToken=31bf3856ad364e35" /NoDependencies /queue:3 /nologo
08/17/2026 07:46:29.484 [2412]: Executing command from offline queue: install "System.IdentityModel.Selectors, Version=4.0.0.0, Culture=neutral, PublicKeyToken=b77a5c561934e089" /NoDependencies /queue:3 /nologo
08/17/2026 07:46:29.487 [2412]: Executing command from offline queue: install "System.IO.Log, Version=4.0.0.0, Culture=neutral, PublicKeyToken=b03f5f7f11d50a3a" /NoDependencies /queue:3 /nologo
08/17/2026 07:46:29.490 [2412]: Executing command from offline queue: install "System.Data.Services.Client, Version=4.0.0.0, Culture=neutral, PublicKeyToken=b77a5c561934e089" /NoDependencies /queue:3 /nologo
08/17/2026 07:46:29.492 [2412]: Executing command from offline queue: install "PresentationFramework-SystemXml, Version=4.0.0.0, Culture=neutral, PublicKeyToken=b77a5c561934e089" /NoDependencies /queue:3 /nologo
08/17/2026 07:46:29.496 [2412]: Executing command from offline queue: install "System.Design, Version=4.0.0.0, Culture=neutral, PublicKeyToken=b03f5f7f11d50a3a" /NoDependencies /queue:3 /nologo
08/17/2026 07:46:29.499 [2412]: Executing command from offline queue: install "System.ComponentModel.Composition.Registration, Version=4.0.0.0, Culture=neutral, PublicKeyToken=b77a5c561934e089" /NoDependencies /queue:3 /nologo
08/17/2026 07:46:29.501 [2412]: Executing command from offline queue: install "System.ServiceModel, Version=4.0.0.0, Culture=neutral, PublicKeyToken=b77a5c561934e089" /NoDependencies /queue:3 /nologo
08/17/2026 07:46:29.504 [2412]: Executing command from offline queue: install "System.Web.Extensions.Design, Version=4.0.0.0, Culture=neutral, PublicKeyToken=31bf3856ad364e35" /NoDependencies /queue:3 /nologo
08/17/2026 07:46:29.507 [2412]: Executing command from offline queue: install "System.Activities.DurableInstancing, Version=4.0.0.0, Culture=neutral, PublicKeyToken=31bf3856ad364e35" /NoDependencies /queue:3 /nologo
08/17/2026 07:46:29.510 [2412]: Executing command from offline queue: install "System.Web.Routing, Version=4.0.0.0, Culture=neutral, PublicKeyToken=31bf3856ad364e35" /NoDependencies /queue:3 /nologo
08/17/2026 07:46:29.512 [2412]: Executing command from offline queue: install "System.ServiceModel.Discovery, Version=4.0.0.0, Culture=neutral, PublicKeyToken=31bf3856ad364e35" /NoDependencies /queue:3 /nologo
08/17/2026 07:46:29.515 [2412]: Executing command from offline queue: install "System.Web.DataVisualization, Version=4.0.0.0, Culture=neutral, PublicKeyToken=31bf3856ad364e35" /NoDependencies /queue:3 /nologo
08/17/2026 07:46:29.517 [2412]: Executing command from offline queue: install "System.IO.Compression, Version=4.0.0.0, Culture=neutral, PublicKeyToken=b77a5c561934e089" /NoDependencies /queue:3 /nologo
08/17/2026 07:46:29.520 [2412]: Executing command from offline queue: install "System.Runtime.DurableInstancing, Version=4.0.0.0, Culture=neutral, PublicKeyToken=31bf3856ad364e35" /NoDependencies /queue:3 /nologo
08/17/2026 07:46:29.523 [2412]: Executing command from offline queue: install "PresentationFramework-SystemXmlLinq, Version=4.0.0.0, Culture=neutral, PublicKeyToken=b77a5c561934e089" /NoDependencies /queue:3 /nologo
08/17/2026 07:46:29.527 [2412]: Executing command from offline queue: install "System.Xaml, Version=4.0.0.0, Culture=neutral, PublicKeyToken=b77a5c561934e089" /NoDependencies /queue:3 /nologo
08/17/2026 07:46:29.530 [2412]: Executing command from offline queue: install "System.ServiceModel.Internals, Version=4.0.0.0, Culture=neutral, PublicKeyToken=31bf3856ad364e35" /NoDependencies /queue:3 /nologo
08/17/2026 07:46:29.532 [2412]: Executing command from offline queue: install "System.Windows.Forms.DataVisualization, Version=4.0.0.0, Culture=neutral, PublicKeyToken=31bf3856ad364e35" /NoDependencies /queue:3 /nologo
08/17/2026 07:46:29.536 [2412]: Executing command from offline queue: install "PresentationFramework-SystemCore, Version=4.0.0.0, Culture=neutral, PublicKeyToken=b77a5c561934e089" /NoDependencies /queue:3 /nologo
08/17/2026 07:46:29.540 [2412]: Executing command from offline queue: install "PresentationUI, Version=4.0.0.0, Culture=neutral, PublicKeyToken=31bf3856ad364e35" /NoDependencies /queue:3 /nologo
08/17/2026 07:46:29.544 [2412]: Executing command from offline queue: install "System.Net, Version=4.0.0.0, Culture=neutral, PublicKeyToken=b03f5f7f11d50a3a" /NoDependencies /queue:3 /nologo
08/17/2026 07:46:29.545 [2412]: Executing command from offline queue: install "CustomMarshalers, Version=4.0.0.0, Culture=neutral, PublicKeyToken=b03f5f7f11d50a3a" /NoDependencies /queue:3 /nologo
08/17/2026 07:46:29.547 [2412]: Executing command from offline queue: install "System.ServiceModel.Channels, Version=4.0.0.0, Culture=neutral, PublicKeyToken=31bf3856ad364e35" /NoDependencies /queue:3 /nologo
08/17/2026 07:46:29.550 [2412]: Executing command from offline queue: install "System.Windows.Controls.Ribbon, Version=4.0.0.0, Culture=neutral, PublicKeyToken=b77a5c561934e089" /NoDependencies /queue:3 /nologo
08/17/2026 07:46:29.552 [2412]: Executing command from offline queue: install "C:\windows\Microsoft.NET\Framework64\v4.0.30319\ComSvcConfig.exe" /NoDependencies /queue:3 /nologo
08/17/2026 07:46:29.555 [2412]: Executing command from offline queue: install "System.Web.DynamicData, Version=4.0.0.0, Culture=neutral, PublicKeyToken=31bf3856ad364e35" /NoDependencies /queue:3 /nologo
08/17/2026 07:46:29.559 [2412]: Executing command from offline queue: install "XamlBuildTask, Version=4.0.0.0, Culture=neutral, PublicKeyToken=31bf3856ad364e35" /NoDependencies /queue:3 /nologo
08/17/2026 07:46:29.564 [2412]: Executing command from offline queue: install "System.Web.DynamicData.Design, Version=4.0.0.0, Culture=neutral, PublicKeyToken=31bf3856ad364e35" /NoDependencies /queue:3 /nologo
08/17/2026 07:46:29.567 [2412]: Executing command from offline queue: install "System.Data.Entity, Version=4.0.0.0, Culture=neutral, PublicKeyToken=b77a5c561934e089" /NoDependencies /queue:3 /nologo
08/17/2026 07:46:29.570 [2412]: Executing command from offline queue: install "System.Windows.Forms, Version=4.0.0.0, Culture=neutral, PublicKeyToken=b77a5c561934e089" /NoDependencies /queue:3 /nologo
08/17/2026 07:46:29.574 [2412]: Executing command from offline queue: install "System.AddIn.Contract, Version=4.0.0.0, Culture=neutral, PublicKeyToken=b03f5f7f11d50a3a" /NoDependencies /queue:3 /nologo
08/17/2026 07:46:29.577 [2412]: Executing command from offline queue: install "PresentationFramework.Luna, Version=4.0.0.0, Culture=neutral, PublicKeyToken=31bf3856ad364e35" /NoDependencies /queue:3 /nologo
08/17/2026 07:46:29.580 [2412]: Executing command from offline queue: install "System.AddIn, Version=4.0.0.0, Culture=neutral, PublicKeyToken=b77a5c561934e089" /NoDependencies /queue:3 /nologo
08/17/2026 07:46:29.583 [2412]: Executing command from offline queue: install "mscorlib, Version=4.0.0.0, Culture=neutral, PublicKeyToken=b77a5c561934e089" /NoDependencies /queue:1 /nologo /netfxpri1
08/17/2026 07:46:29.586 [2412]: Executing command from offline queue: install "System.Web, Version=4.0.0.0, Culture=neutral, PublicKeyToken=b03f5f7f11d50a3a" /NoDependencies /queue:3 /nologo
08/17/2026 07:46:29.589 [2412]: Executing command from offline queue: install "System.Data.OracleClient, Version=4.0.0.0, Culture=neutral, PublicKeyToken=b77a5c561934e089" /NoDependencies /queue:3 /nologo
08/17/2026 07:46:29.592 [2412]: Executing command from offline queue: install "System.ComponentModel.DataAnnotations, Version=4.0.0.0, Culture=neutral, PublicKeyToken=31bf3856ad364e35" /NoDependencies /queue:3 /nologo
08/17/2026 07:46:29.594 [2412]: Executing command from offline queue: install "System.Configuration.Install, Version=4.0.0.0, Culture=neutral, PublicKeyToken=b03f5f7f11d50a3a" /NoDependencies /queue:3 /nologo
08/17/2026 07:46:29.597 [2412]: Executing command from offline queue: install "System.Xml.Linq, Version=4.0.0.0, Culture=neutral, PublicKeyToken=b77a5c561934e089" /NoDependencies /queue:3 /nologo
08/17/2026 07:46:29.600 [2412]: Executing command from offline queue: install "System.ServiceModel.Activities, Version=4.0.0.0, Culture=neutral, PublicKeyToken=31bf3856ad364e35" /NoDependencies /queue:3 /nologo
08/17/2026 07:46:29.602 [2412]: Executing command from offline queue: update /queue
08/17/2026 07:46:29.637 [2412]: Executing command from offline queue: install "System.ServiceModel.ServiceMoniker40, Version=4.0.0.0, Culture=neutral, PublicKeyToken=b77a5c561934e089" /NoDependencies /queue:3 /nologo
08/17/2026 07:46:29.640 [2412]: Executing command from offline queue: install "System.Web.Entity.Design, Version=4.0.0.0, Culture=neutral, PublicKeyToken=b77a5c561934e089" /NoDependencies /queue:3 /nologo
08/17/2026 07:46:29.643 [2412]: Executing command from offline queue: install "System.IdentityModel.Services, Version=4.0.0.0, Culture=neutral, PublicKeyToken=b77a5c561934e089" /NoDependencies /queue:3 /nologo
08/17/2026 07:46:29.645 [2412]: Executing command from offline queue: install "System.Web.Extensions, Version=4.0.0.0, Culture=neutral, PublicKeyToken=31bf3856ad364e35" /NoDependencies /queue:3 /nologo
08/17/2026 07:46:29.648 [2412]: Executing command from offline queue: install "PresentationFramework.AeroLite, Version=4.0.0.0, Culture=neutral, PublicKeyToken=31bf3856ad364e35" /NoDependencies /queue:3 /nologo
08/17/2026 07:46:29.651 [2412]: Executing command from offline queue: install "System.Speech, Version=4.0.0.0, Culture=neutral, PublicKeyToken=31bf3856ad364e35" /NoDependencies /queue:3 /nologo
08/17/2026 07:46:29.653 [2412]: Executing command from offline queue: install "System.Activities, Version=4.0.0.0, Culture=neutral, PublicKeyToken=31bf3856ad364e35" /NoDependencies /queue:3 /nologo
08/17/2026 07:46:29.655 [2412]: Executing command from offline queue: install "System.Messaging, Version=4.0.0.0, Culture=neutral, PublicKeyToken=b03f5f7f11d50a3a" /NoDependencies /queue:3 /nologo
08/17/2026 07:46:29.657 [2412]: Executing command from offline queue: install "System.Data.SqlXml, Version=4.0.0.0, Culture=neutral, PublicKeyToken=b77a5c561934e089" /NoDependencies /queue:3 /nologo
08/17/2026 07:46:30.530 [2412]: Uninstalling assembly C:\Program Files\Microsoft Visual Studio\18\Enterprise\Common7\IDE\AppLocalWPF\WindowsBase.dll because of an error during compilation: Exception from HRESULT: 0x80004002 (E_NOINTERFACE).
08/17/2026 07:46:30.679 [2412]: Uninstalling assembly C:\Program Files\Microsoft Visual Studio\18\Enterprise\Common7\IDE\CommonExtensions\Microsoft\Editor\Microsoft.VisualStudio.Editor.Implementation.dll because of an error during compilation: Exception from HRESULT: 0x80004002 (E_NOINTERFACE).
08/17/2026 07:46:30.784 [2412]: Uninstalling assembly C:\Program Files\Microsoft Visual Studio\18\Enterprise\Common7\IDE\Microsoft.VisualStudio.ExtensionEngine.dll because of an error during compilation: Exception from HRESULT: 0x80004002 (E_NOINTERFACE).
08/17/2026 07:46:30.880 [2412]: Uninstalling assembly C:\Program Files\Microsoft Visual Studio\18\Enterprise\Common7\IDE\Microsoft.VisualStudio.Shell.ViewManager.dll because of an error during compilation: Exception from HRESULT: 0x80004002 (E_NOINTERFACE).
08/17/2026 07:46:30.990 [2412]: Uninstalling assembly C:\Program Files\Microsoft Visual Studio\18\Enterprise\Common7\IDE\PublicAssemblies\Nerdbank.Streams.2.x\Nerdbank.Streams.dll because of an error during compilation: Exception from HRESULT: 0x80004002 (E_NOINTERFACE).
08/17/2026 07:46:31.112 [2412]: Uninstalling assembly C:\Program Files\Microsoft Visual Studio\18\Enterprise\Common7\IDE\AppLocalWPF\PresentationFramework.dll because of an error during compilation: Exception from HRESULT: 0x80004002 (E_NOINTERFACE).
08/17/2026 07:46:31.258 [2412]: Uninstalling assembly C:\Program Files\Microsoft Visual Studio\18\Enterprise\Common7\IDE\CommonExtensions\Microsoft\Identity\Microsoft.Developer.IdentityService.Client.dll because of an error during compilation: Exception from HRESULT: 0x80004002 (E_NOINTERFACE).
08/17/2026 07:46:31.364 [2412]: Uninstalling assembly C:\Program Files\Microsoft Visual Studio\18\Enterprise\Common7\IDE\PrivateAssemblies\Microsoft.VisualStudio.Composition.dll because of an error during compilation: Exception from HRESULT: 0x80004002 (E_NOINTERFACE).
08/17/2026 07:46:31.473 [2412]: Uninstalling assembly C:\Program Files\Microsoft Visual Studio\18\Enterprise\Common7\IDE\CommonExtensions\Microsoft\TeamFoundation\Team Explorer\Microsoft.VisualStudio.Services.WebApi.dll because of an error during compilation: Exception from HRESULT: 0x80004002 (E_NOINTERFACE).
08/17/2026 07:46:31.558 [2412]: Uninstalling assembly C:\Program Files\Microsoft Visual Studio\18\Enterprise\Common7\IDE\PublicAssemblies\System.Text.Json.dll because of an error during compilation: Exception from HRESULT: 0x80004002 (E_NOINTERFACE).
08/17/2026 07:46:31.654 [2412]: Uninstalling assembly C:\Program Files\Microsoft Visual Studio\18\Enterprise\Common7\IDE\PrivateAssemblies\Microsoft.VisualStudio.Shell.Connected.dll because of an error during compilation: Exception from HRESULT: 0x80004002 (E_NOINTERFACE).
08/17/2026 07:46:31.753 [2412]: Uninstalling assembly C:\Program Files\Microsoft Visual Studio\18\Enterprise\Common7\IDE\PublicAssemblies\Microsoft.VisualStudio.Threading.17.x\Microsoft.VisualStudio.Threading.dll because of an error during compilation: Exception from HRESULT: 0x80004002 (E_NOINTERFACE).
08/17/2026 07:46:31.845 [2412]: Uninstalling assembly C:\Program Files\Microsoft Visual Studio\18\Enterprise\Common7\IDE\Microsoft.VisualStudio.Utilities.dll because of an error during compilation: Exception from HRESULT: 0x80004002 (E_NOINTERFACE).
08/17/2026 07:46:31.943 [2412]: Uninstalling assembly C:\Program Files\Microsoft Visual Studio\18\Enterprise\Common7\IDE\PublicAssemblies\StreamJsonRpc.2.x\StreamJsonRpc.dll because of an error during compilation: Exception from HRESULT: 0x80004002 (E_NOINTERFACE).
08/17/2026 07:46:32.081 [2412]: Uninstalling assembly C:\Program Files\Microsoft Visual Studio\18\Enterprise\SharedAssemblies\System.Collections.Immutable\10.0.0.8\10.0.8\netfx\System.Collections.Immutable.dll because of an error during compilation: Exception from HRESULT: 0x80004002 (E_NOINTERFACE).
08/17/2026 07:46:32.186 [2412]: Uninstalling assembly C:\Program Files\Microsoft Visual Studio\18\Enterprise\MSBuild\Current\Bin\Roslyn\VBCSCompiler.exe because of an error during compilation: Exception from HRESULT: 0x80004002 (E_NOINTERFACE).
08/17/2026 07:46:32.331 [2412]: Uninstalling assembly C:\Program Files\Microsoft Visual Studio\18\Enterprise\Common7\IDE\Microsoft.VisualStudio.Shell.Styles.dll because of an error during compilation: Exception from HRESULT: 0x80004002 (E_NOINTERFACE).
08/17/2026 07:46:32.484 [2412]: Uninstalling assembly C:\Program Files\Microsoft Visual Studio\18\Enterprise\Common7\IDE\Extensions\Microsoft\Copilot\Microsoft.VisualStudio.Copilot.Vsix.dll because of an error during compilation: Exception from HRESULT: 0x80004002 (E_NOINTERFACE).
08/17/2026 07:46:32.588 [2412]: Uninstalling assembly C:\Program Files\Microsoft Visual Studio\18\Enterprise\Common7\IDE\PrivateAssemblies\Nerdbank.MessagePack.1.x\Nerdbank.MessagePack.dll because of an error during compilation: Exception from HRESULT: 0x80004002 (E_NOINTERFACE).
08/17/2026 07:46:32.736 [2412]: Uninstalling assembly C:\Program Files\Microsoft Visual Studio\18\Enterprise\Common7\IDE\PrivateAssemblies\Microsoft.VisualStudio.Telemetry.dll because of an error during compilation: Exception from HRESULT: 0x80004002 (E_NOINTERFACE).
08/17/2026 07:46:32.872 [2412]: Uninstalling assembly C:\Program Files\Microsoft Visual Studio\18\Enterprise\Common7\IDE\PrivateAssemblies\Microsoft.ServiceHub.Framework.dll because of an error during compilation: Exception from HRESULT: 0x80004002 (E_NOINTERFACE).
08/17/2026 07:46:32.969 [2412]: Uninstalling assembly C:\Program Files\Microsoft Visual Studio\18\Enterprise\SharedAssemblies\Newtonsoft.Json\13.0.4.0\13.0.4\netfx\Newtonsoft.Json.dll because of an error during compilation: Exception from HRESULT: 0x80004002 (E_NOINTERFACE).
08/17/2026 07:46:33.058 [2412]: Uninstalling assembly C:\Program Files\Microsoft Visual Studio\18\Enterprise\Common7\IDE\AppLocalWPF\PresentationCore.dll because of an error during compilation: Exception from HRESULT: 0x80004002 (E_NOINTERFACE).
08/17/2026 07:46:33.184 [2412]: Uninstalling assembly C:\Program Files\Microsoft Visual Studio\18\Enterprise\Common7\IDE\PrivateAssemblies\Microsoft.VisualStudio.CommonIDE.dll because of an error during compilation: Exception from HRESULT: 0x80004002 (E_NOINTERFACE).
08/17/2026 07:46:33.297 [2412]: Uninstalling assembly C:\Program Files\Microsoft Visual Studio\18\Enterprise\Common7\IDE\CommonExtensions\Microsoft\Identity\Microsoft.Developer.IdentityService.dll because of an error during compilation: Exception from HRESULT: 0x80004002 (E_NOINTERFACE).
08/17/2026 07:46:33.418 [2412]: Uninstalling assembly C:\Program Files\Microsoft Visual Studio\18\Enterprise\Common7\IDE\PublicAssemblies\Microsoft.VisualStudio.Shell.15.0.dll because of an error during compilation: Exception from HRESULT: 0x80004002 (E_NOINTERFACE).
08/17/2026 07:46:33.539 [2412]: Uninstalling assembly C:\Program Files\Microsoft Visual Studio\18\Enterprise\Common7\IDE\Microsoft.VisualStudio.Shell.UI.Internal.dll because of an error during compilation: Exception from HRESULT: 0x80004002 (E_NOINTERFACE).
08/17/2026 07:46:33.653 [2412]: Uninstalling assembly C:\Program Files\Microsoft Visual Studio\18\Enterprise\Common7\IDE\PublicAssemblies\MessagePack.2.x\MessagePack.dll because of an error during compilation: Exception from HRESULT: 0x80004002 (E_NOINTERFACE).
08/17/2026 07:46:33.739 [2412]: Uninstalling assembly C:\Program Files\Microsoft Visual Studio\18\Enterprise\Common7\IDE\PrivateAssemblies\Microsoft.Identity.Client.dll because of an error during compilation: Exception from HRESULT: 0x80004002 (E_NOINTERFACE).
08/17/2026 07:46:33.867 [2412]: Uninstalling assembly C:\Program Files\Microsoft Visual Studio\18\Enterprise\Common7\IDE\Microsoft.VisualStudio.Platform.WindowManagement.dll because of an error during compilation: Exception from HRESULT: 0x80004002 (E_NOINTERFACE).
08/17/2026 07:46:33.991 [2412]: Uninstalling assembly C:\Program Files\Microsoft Visual Studio\18\Enterprise\Common7\IDE\CommonExtensions\Microsoft\Editor\Microsoft.VisualStudio.Platform.VSEditor.dll because of an error during compilation: Exception from HRESULT: 0x80004002 (E_NOINTERFACE).
08/17/2026 07:46:34.093 [2412]: Uninstalling assembly System, Version=4.0.0.0, Culture=neutral, PublicKeyToken=b77a5c561934e089 because of an error during compilation: Exception from HRESULT: 0x80004002 (E_NOINTERFACE).
08/17/2026 07:46:34.200 [2412]: Uninstalling assembly mscorlib, Version=4.0.0.0, Culture=neutral, PublicKeyToken=b77a5c561934e089 because of an error during compilation: Exception from HRESULT: 0x80004002 (E_NOINTERFACE).
08/17/2026 07:46:34.306 [2412]: Uninstalling assembly C:\Program Files\Microsoft Visual Studio\18\Enterprise\MSBuild\Current\Bin\Microsoft.Build.Tasks.Core.dll because of an error during compilation: Exception from HRESULT: 0x80004002 (E_NOINTERFACE).
08/17/2026 07:46:34.435 [2412]: Uninstalling assembly C:\Program Files\Microsoft Visual Studio\18\Enterprise\MSBuild\Current\Bin\Microsoft.Build.Tasks.Core.dll because of an error during compilation: Exception from HRESULT: 0x80004002 (E_NOINTERFACE).
08/17/2026 07:46:34.537 [2412]: Uninstalling assembly C:\Program Files\Microsoft Visual Studio\18\Enterprise\Common7\IDE\CommonExtensions\Microsoft\FSharp\Tools\FSharp.Compiler.Service.dll because of an error during compilation: Exception from HRESULT: 0x80004002 (E_NOINTERFACE).
08/17/2026 07:46:34.651 [2412]: Uninstalling assembly C:\Program Files\Microsoft Visual Studio\18\Enterprise\Common7\IDE\CommonExtensions\Microsoft\Project\Microsoft.VisualStudio.ProjectSystem.dll because of an error during compilation: Exception from HRESULT: 0x80004002 (E_NOINTERFACE).
08/17/2026 07:46:34.739 [2412]: Uninstalling assembly C:\Program Files\Microsoft Visual Studio\18\Enterprise\MSBuild\Current\Bin\System.IO.Pipelines.dll because of an error during compilation: Exception from HRESULT: 0x80004002 (E_NOINTERFACE).
08/17/2026 07:46:34.840 [2412]: Uninstalling assembly C:\Program Files\Microsoft Visual Studio\18\Enterprise\Common7\IDE\CommonExtensions\Microsoft\FSharp\FSharp.LanguageService.dll because of an error during compilation: Exception from HRESULT: 0x80004002 (E_NOINTERFACE).
08/17/2026 07:46:34.951 [2412]: Uninstalling assembly C:\Program Files\Microsoft Visual Studio\18\Enterprise\Common7\IDE\Extensions\Microsoft\IntelliCode\Microsoft.VisualStudio.IntelliCode.dll because of an error during compilation: Exception from HRESULT: 0x80004002 (E_NOINTERFACE).
08/17/2026 07:46:35.084 [2412]: Uninstalling assembly C:\Program Files\Microsoft Visual Studio\18\Enterprise\Common7\IDE\CommonExtensions\Microsoft\VBCSharp\LanguageServices\Microsoft.CodeAnalysis.Workspaces.dll because of an error during compilation: Exception from HRESULT: 0x80004002 (E_NOINTERFACE).
08/17/2026 07:46:35.214 [2412]: Uninstalling assembly C:\Program Files\Microsoft Visual Studio\18\Enterprise\Common7\IDE\PublicAssemblies\System.Memory.dll because of an error during compilation: Exception from HRESULT: 0x80004002 (E_NOINTERFACE).
08/17/2026 07:46:35.353 [2412]: Uninstalling assembly C:\Program Files\Microsoft Visual Studio\18\Enterprise\MSBuild\Current\Bin\System.Runtime.CompilerServices.Unsafe.dll because of an error during compilation: Exception from HRESULT: 0x80004002 (E_NOINTERFACE).
08/17/2026 07:46:35.480 [2412]: Uninstalling assembly C:\Program Files\Microsoft Visual Studio\18\Enterprise\Common7\IDE\CommonExtensions\Microsoft\Project\Microsoft.VisualStudio.ProjectSystem.Implementation.dll because of an error during compilation: Exception from HRESULT: 0x80004002 (E_NOINTERFACE).
08/17/2026 07:46:35.578 [2412]: Uninstalling assembly C:\Program Files\Microsoft Visual Studio\18\Enterprise\MSBuild\Current\Bin\System.Reflection.Metadata.dll because of an error during compilation: Exception from HRESULT: 0x80004002 (E_NOINTERFACE).
08/17/2026 07:46:35.683 [2412]: Uninstalling assembly C:\Program Files\Microsoft Visual Studio\18\Enterprise\Common7\IDE\CommonExtensions\Microsoft\FSharp\FSharp.Compiler.Interactive.Settings.dll because of an error during compilation: Exception from HRESULT: 0x80004002 (E_NOINTERFACE).
08/17/2026 07:46:35.787 [2412]: Uninstalling assembly C:\Program Files\Microsoft Visual Studio\18\Enterprise\MSBuild\Current\Bin\System.Formats.Nrbf.dll because of an error during compilation: Exception from HRESULT: 0x80004002 (E_NOINTERFACE).
08/17/2026 07:46:35.932 [2412]: Uninstalling assembly C:\Program Files\Microsoft Visual Studio\18\Enterprise\Common7\IDE\CommonExtensions\Microsoft\ServiceHub\microsoft.servicehub.client.dll because of an error during compilation: Exception from HRESULT: 0x80004002 (E_NOINTERFACE).
08/17/2026 07:46:36.036 [2412]: Uninstalling assembly C:\Program Files\Microsoft Visual Studio\18\Enterprise\Common7\IDE\CommonExtensions\Microsoft\FSharp\Tools\fsiAnyCpu.exe because of an error during compilation: Exception from HRESULT: 0x80004002 (E_NOINTERFACE).
08/17/2026 07:46:36.126 [2412]: Uninstalling assembly C:\Program Files\Microsoft Visual Studio\18\Enterprise\Common7\IDE\PrivateAssemblies\Octokit.dll because of an error during compilation: Exception from HRESULT: 0x80004002 (E_NOINTERFACE).
08/17/2026 07:46:36.227 [2412]: Uninstalling assembly C:\Program Files\Microsoft Visual Studio\18\Enterprise\Common7\IDE\Extensions\TestPlatform\testhost.net472.exe because of an error during compilation: Exception from HRESULT: 0x80004002 (E_NOINTERFACE).
08/17/2026 07:46:36.341 [2412]: Uninstalling assembly C:\Program Files\Microsoft Visual Studio\18\Enterprise\MSBuild\Current\Bin\System.Threading.Tasks.Dataflow.dll because of an error during compilation: Exception from HRESULT: 0x80004002 (E_NOINTERFACE).
08/17/2026 07:46:36.446 [2412]: Uninstalling assembly C:\Program Files\Microsoft Visual Studio\18\Enterprise\Common7\IDE\CommonExtensions\Platform\MefHosting\Microsoft.VisualStudio.ComponentModelHost.dll because of an error during compilation: Exception from HRESULT: 0x80004002 (E_NOINTERFACE).
08/17/2026 07:46:36.556 [2412]: Uninstalling assembly C:\Program Files\Microsoft Visual Studio\18\Enterprise\Common7\IDE\CommonExtensions\Microsoft\FSharp\FSharp.LanguageService.Base.dll because of an error during compilation: Exception from HRESULT: 0x80004002 (E_NOINTERFACE).
08/17/2026 07:46:36.664 [2412]: Uninstalling assembly C:\Program Files\Microsoft Visual Studio\18\Enterprise\Common7\IDE\TestTools\TeamExplorerClient\Microsoft.TeamFoundation.Client.dll because of an error during compilation: Exception from HRESULT: 0x80004002 (E_NOINTERFACE).
08/17/2026 07:46:36.800 [2412]: Uninstalling assembly C:\Program Files\Microsoft Visual Studio\18\Enterprise\Common7\IDE\CommonExtensions\Microsoft\Editor\ServiceHub\netfx\Microsoft.VisualStudio.CodeLens.Service.dll because of an error during compilation: Exception from HRESULT: 0x80004002 (E_NOINTERFACE).
08/17/2026 07:46:36.931 [2412]: Uninstalling assembly C:\Program Files\Microsoft Visual Studio\18\Enterprise\Common7\IDE\Extensions\Microsoft\IntelliCode.CSharp\Microsoft.VisualStudio.IntelliCode.CSharp.dll because of an error during compilation: Exception from HRESULT: 0x80004002 (E_NOINTERFACE).
08/17/2026 07:46:37.029 [2412]: Uninstalling assembly C:\Program Files\Microsoft Visual Studio\18\Enterprise\MSBuild\Current\Bin\Microsoft.IO.Redist.dll because of an error during compilation: Exception from HRESULT: 0x80004002 (E_NOINTERFACE).
08/17/2026 07:46:37.126 [2412]: Uninstalling assembly C:\Program Files\Microsoft Visual Studio\18\Enterprise\MSBuild\Current\Bin\Microsoft.IO.Redist.dll because of an error during compilation: Exception from HRESULT: 0x80004002 (E_NOINTERFACE).
08/17/2026 07:46:37.232 [2412]: Uninstalling assembly C:\Program Files\Microsoft Visual Studio\18\Enterprise\Common7\IDE\Extensions\Microsoft\ManagedProjectSystem\Microsoft.VisualStudio.ProjectSystem.Managed.dll because of an error during compilation: Exception from HRESULT: 0x80004002 (E_NOINTERFACE).
08/17/2026 07:46:37.323 [2412]: Uninstalling assembly C:\Program Files\Microsoft Visual Studio\18\Enterprise\Common7\IDE\CommonExtensions\Microsoft\VBCSharp\LanguageServices\Microsoft.CodeAnalysis.dll because of an error during compilation: Exception from HRESULT: 0x80004002 (E_NOINTERFACE).
08/17/2026 07:46:37.442 [2412]: Uninstalling assembly C:\Program Files\Microsoft Visual Studio\18\Enterprise\Common7\IDE\CommonExtensions\Microsoft\VBCSharp\LanguageServices\Microsoft.VisualStudio.LanguageServices.dll because of an error during compilation: Exception from HRESULT: 0x80004002 (E_NOINTERFACE).
08/17/2026 07:46:37.539 [2412]: Uninstalling assembly C:\Program Files\Microsoft Visual Studio\18\Enterprise\Common7\IDE\CommonExtensions\Microsoft\NuGet\NuGet.ProjectModel.dll because of an error during compilation: Exception from HRESULT: 0x80004002 (E_NOINTERFACE).
08/17/2026 07:46:37.631 [2412]: Uninstalling assembly C:\Program Files\Microsoft Visual Studio\18\Enterprise\MSBuild\Current\Bin\Roslyn\vbc.exe because of an error during compilation: Exception from HRESULT: 0x80004002 (E_NOINTERFACE).
08/17/2026 07:46:37.721 [2412]: Uninstalling assembly C:\Program Files\Microsoft Visual Studio\18\Enterprise\Common7\IDE\CommonExtensions\Microsoft\VBCSharp\LanguageServices\Microsoft.CodeAnalysis.Features.dll because of an error during compilation: Exception from HRESULT: 0x80004002 (E_NOINTERFACE).
08/17/2026 07:46:37.812 [2412]: Uninstalling assembly C:\Program Files\Microsoft Visual Studio\18\Enterprise\Common7\IDE\Extensions\Microsoft\ManagedProjectSystem\Microsoft.VisualStudio.ProjectSystem.Managed.VS.dll because of an error during compilation: Exception from HRESULT: 0x80004002 (E_NOINTERFACE).
08/17/2026 07:46:37.914 [2412]: Uninstalling assembly C:\Program Files\Microsoft Visual Studio\18\Enterprise\Common7\IDE\CommonExtensions\Microsoft\FSharp\Tools\FSharp.Core.dll because of an error during compilation: Exception from HRESULT: 0x80004002 (E_NOINTERFACE).
08/17/2026 07:46:38.031 [2412]: Uninstalling assembly C:\Program Files\Microsoft Visual Studio\18\Enterprise\Common7\IDE\CommonExtensions\Microsoft\NuGet\NuGet.PackageManagement.VisualStudio.dll because of an error during compilation: Exception from HRESULT: 0x80004002 (E_NOINTERFACE).
08/17/2026 07:46:38.134 [2412]: Uninstalling assembly C:\Program Files\Microsoft Visual Studio\18\Enterprise\MSBuild\Current\Bin\System.Text.Json.dll because of an error during compilation: Exception from HRESULT: 0x80004002 (E_NOINTERFACE).
08/17/2026 07:46:38.237 [2412]: Uninstalling assembly C:\Program Files\Microsoft Visual Studio\18\Enterprise\Common7\IDE\Extensions\TestPlatform\testhost.net47.exe because of an error during compilation: Exception from HRESULT: 0x80004002 (E_NOINTERFACE).
08/17/2026 07:46:38.333 [2412]: Uninstalling assembly C:\Program Files\Microsoft Visual Studio\18\Enterprise\Common7\IDE\PublicAssemblies\Microsoft.VisualStudio.Interop.dll because of an error during compilation: Exception from HRESULT: 0x80004002 (E_NOINTERFACE).
08/17/2026 07:46:38.424 [2412]: Uninstalling assembly C:\Program Files\Microsoft Visual Studio\18\Enterprise\Common7\IDE\CommonExtensions\Microsoft\ServiceHub\microsoft.servicehub.hostlib.dll because of an error during compilation: Exception from HRESULT: 0x80004002 (E_NOINTERFACE).
08/17/2026 07:46:38.533 [2412]: Uninstalling assembly C:\Program Files\Microsoft Visual Studio\18\Enterprise\Common7\IDE\CommonExtensions\Microsoft\FSharp\Tools\FSharp.DependencyManager.Nuget.dll because of an error during compilation: Exception from HRESULT: 0x80004002 (E_NOINTERFACE).
08/17/2026 07:46:38.623 [2412]: Uninstalling assembly C:\Program Files\Microsoft Visual Studio\18\Enterprise\Common7\IDE\Extensions\TestPlatform\testhost.net471.exe because of an error during compilation: Exception from HRESULT: 0x80004002 (E_NOINTERFACE).
08/17/2026 07:46:38.723 [2412]: Uninstalling assembly C:\Program Files\Microsoft Visual Studio\18\Enterprise\MSBuild\Current\Bin\Roslyn\csi.exe because of an error during compilation: Exception from HRESULT: 0x80004002 (E_NOINTERFACE).
08/17/2026 07:46:38.843 [2412]: Uninstalling assembly C:\Program Files\Microsoft Visual Studio\18\Enterprise\Common7\IDE\Extensions\TestPlatform\testhost.net48.exe because of an error during compilation: Exception from HRESULT: 0x80004002 (E_NOINTERFACE).
08/17/2026 07:46:38.963 [2412]: Uninstalling assembly C:\Program Files\Microsoft Visual Studio\18\Enterprise\Common7\IDE\CommonExtensions\Microsoft\TeamFoundation\Team Explorer\Microsoft.TeamFoundation.Git.Controls.dll because of an error during compilation: Exception from HRESULT: 0x80004002 (E_NOINTERFACE).
08/17/2026 07:46:39.051 [2412]: Uninstalling assembly C:\Program Files\Microsoft Visual Studio\18\Enterprise\SharedAssemblies\System.Threading.Tasks.Dataflow\10.0.0.8\10.0.8\netfx\System.Threading.Tasks.Dataflow.dll because of an error during compilation: Exception from HRESULT: 0x80004002 (E_NOINTERFACE).
08/17/2026 07:46:39.193 [2412]: Uninstalling assembly C:\Program Files\Microsoft Visual Studio\18\Enterprise\MSBuild\Current\Bin\Microsoft.Build.dll because of an error during compilation: Exception from HRESULT: 0x80004002 (E_NOINTERFACE).
08/17/2026 07:46:39.337 [2412]: Uninstalling assembly C:\Program Files\Microsoft Visual Studio\18\Enterprise\MSBuild\Current\Bin\Microsoft.Build.dll because of an error during compilation: Exception from HRESULT: 0x80004002 (E_NOINTERFACE).
08/17/2026 07:46:39.444 [2412]: Uninstalling assembly C:\Program Files\Microsoft Visual Studio\18\Enterprise\Common7\IDE\PerfWatson2.exe because of an error during compilation: Exception from HRESULT: 0x80004002 (E_NOINTERFACE).
08/17/2026 07:46:39.543 [2412]: Uninstalling assembly C:\Program Files\Microsoft Visual Studio\18\Enterprise\SharedAssemblies\System.Memory\4.0.5.0\4.6.3\netfx\System.Memory.dll because of an error during compilation: Exception from HRESULT: 0x80004002 (E_NOINTERFACE).
08/17/2026 07:46:39.635 [2412]: Uninstalling assembly C:\Program Files\Microsoft Visual Studio\18\Enterprise\Common7\IDE\CommonExtensions\Microsoft\FSharp\FSharp.VS.FSI.dll because of an error during compilation: Exception from HRESULT: 0x80004002 (E_NOINTERFACE).
08/17/2026 07:46:39.737 [2412]: Uninstalling assembly C:\Program Files\Microsoft Visual Studio\18\Enterprise\MSBuild\Current\Bin\System.Text.Encodings.Web.dll because of an error during compilation: Exception from HRESULT: 0x80004002 (E_NOINTERFACE).
08/17/2026 07:46:39.830 [2412]: Uninstalling assembly C:\Program Files\Microsoft Visual Studio\18\Enterprise\MSBuild\Current\Bin\System.Memory.dll because of an error during compilation: Exception from HRESULT: 0x80004002 (E_NOINTERFACE).
08/17/2026 07:46:39.923 [2412]: Uninstalling assembly C:\Program Files\Microsoft Visual Studio\18\Enterprise\Common7\IDE\PrivateAssemblies\Microsoft.VisualStudio.Setup.Common.dll because of an error during compilation: Exception from HRESULT: 0x80004002 (E_NOINTERFACE).
08/17/2026 07:46:40.017 [2412]: Uninstalling assembly C:\Program Files\Microsoft Visual Studio\18\Enterprise\Common7\IDE\Extensions\Microsoft\Web Tools Shared\Microsoft.WebTools.Shared.VS.dll because of an error during compilation: Exception from HRESULT: 0x80004002 (E_NOINTERFACE).
08/17/2026 07:46:40.103 [2412]: Uninstalling assembly C:\Program Files\Microsoft Visual Studio\18\Enterprise\MSBuild\Current\Bin\System.Numerics.Vectors.dll because of an error during compilation: Exception from HRESULT: 0x80004002 (E_NOINTERFACE).
08/17/2026 07:46:40.198 [2412]: Uninstalling assembly C:\Program Files\Microsoft Visual Studio\18\Enterprise\MSBuild\Current\Bin\Microsoft.Build.Utilities.Core.dll because of an error during compilation: Exception from HRESULT: 0x80004002 (E_NOINTERFACE).
08/17/2026 07:46:40.311 [2412]: Uninstalling assembly C:\Program Files\Microsoft Visual Studio\18\Enterprise\MSBuild\Current\Bin\Microsoft.Build.Utilities.Core.dll because of an error during compilation: Exception from HRESULT: 0x80004002 (E_NOINTERFACE).
08/17/2026 07:46:40.437 [2412]: Uninstalling assembly C:\Program Files\Microsoft Visual Studio\18\Enterprise\MSBuild\Current\Bin\Roslyn\csc.exe because of an error during compilation: Exception from HRESULT: 0x80004002 (E_NOINTERFACE).
08/17/2026 07:46:40.554 [2412]: ERROR:  GetCorSvcBindToUnregisteredWorker failed because the worker process died with errorcode -2147023485
08/17/2026 07:46:40.555 [2412]: Uninstalling assembly C:\Program Files\Microsoft Visual Studio\18\Enterprise\Common7\IDE\CommonExtensions\Microsoft\Project\Microsoft.VisualStudio.ProjectSystem.VS.Implementation.dll because of an error during compilation: Worker exited unexpectedly during startup (Exception from HRESULT: 0x80131F04).
08/17/2026 07:46:40.643 [2412]: ERROR:  GetCorSvcBindToUnregisteredWorker failed because the worker process died with errorcode -2147023485
08/17/2026 07:46:40.644 [2412]: Uninstalling assembly C:\Program Files\Microsoft Visual Studio\18\Enterprise\Common7\IDE\PrivateAssemblies\Microsoft.VisualStudio.ExtensionEngineContract.dll because of an error during compilation: Worker exited unexpectedly during startup (Exception from HRESULT: 0x80131F04).
08/17/2026 07:46:40.754 [2412]: ERROR:  GetCorSvcBindToUnregisteredWorker failed because the worker process died with errorcode -2147023485
08/17/2026 07:46:40.755 [2412]: Uninstalling assembly C:\Program Files\Microsoft Visual Studio\18\Enterprise\Common7\IDE\CommonExtensions\Microsoft\FSharp\FSharp.ProjectSystem.FSharp.dll because of an error during compilation: Worker exited unexpectedly during startup (Exception from HRESULT: 0x80131F04).
08/17/2026 07:46:40.871 [2412]: ERROR:  GetCorSvcBindToUnregisteredWorker failed because the worker process died with errorcode -2147023485
08/17/2026 07:46:40.871 [2412]: Uninstalling assembly C:\Program Files\Microsoft Visual Studio\18\Enterprise\Common7\IDE\CommonExtensions\Microsoft\VBCSharp\LanguageServices\Microsoft.CodeAnalysis.Remote.ServiceHub.dll because of an error during compilation: Worker exited unexpectedly during startup (Exception from HRESULT: 0x80131F04).
08/17/2026 07:46:40.980 [2412]: ERROR:  GetCorSvcBindToUnregisteredWorker failed because the worker process died with errorcode -2147023485
08/17/2026 07:46:40.981 [2412]: Uninstalling assembly C:\Program Files\Microsoft Visual Studio\18\Enterprise\Common7\IDE\CommonExtensions\Microsoft\FSharp\Tools\fscAnyCpu.exe because of an error during compilation: Worker exited unexpectedly during startup (Exception from HRESULT: 0x80131F04).
08/17/2026 07:46:41.150 [2412]: ERROR:  GetCorSvcBindToUnregisteredWorker failed because the worker process died with errorcode -2147023485
08/17/2026 07:46:41.150 [2412]: Uninstalling assembly C:\Program Files\Microsoft Visual Studio\18\Enterprise\MSBuild\Current\Bin\Microsoft.Bcl.AsyncInterfaces.dll because of an error during compilation: Worker exited unexpectedly during startup (Exception from HRESULT: 0x80131F04).
08/17/2026 07:46:41.271 [2412]: ERROR:  GetCorSvcBindToUnregisteredWorker failed because the worker process died with errorcode -2147023485
08/17/2026 07:46:41.271 [2412]: Uninstalling assembly C:\Program Files\Microsoft Visual Studio\18\Enterprise\MSBuild\Current\Bin\System.Collections.Immutable.dll because of an error during compilation: Worker exited unexpectedly during startup (Exception from HRESULT: 0x80131F04).
08/17/2026 07:46:41.358 [2412]: ERROR:  GetCorSvcBindToUnregisteredWorker failed because the worker process died with errorcode -2147023485
08/17/2026 07:46:41.359 [2412]: Uninstalling assembly C:\Program Files\Microsoft Visual Studio\18\Enterprise\Common7\IDE\CommonExtensions\Microsoft\NuGet\NuGet.SolutionRestoreManager.dll because of an error during compilation: Worker exited unexpectedly during startup (Exception from HRESULT: 0x80131F04).
08/17/2026 07:46:41.444 [2412]: ERROR:  GetCorSvcBindToUnregisteredWorker failed because the worker process died with errorcode -2147023485
08/17/2026 07:46:41.444 [2412]: Uninstalling assembly C:\Program Files\Microsoft Visual Studio\18\Enterprise\MSBuild\Current\Bin\Roslyn\Microsoft.CodeAnalysis.dll because of an error during compilation: Worker exited unexpectedly during startup (Exception from HRESULT: 0x80131F04).
08/17/2026 07:46:41.541 [2412]: ERROR:  GetCorSvcBindToUnregisteredWorker failed because the worker process died with errorcode -2147023485
08/17/2026 07:46:41.541 [2412]: Uninstalling assembly C:\Program Files\Microsoft Visual Studio\18\Enterprise\Common7\IDE\CommonExtensions\Microsoft\FSharp\FSharp.Editor.dll because of an error during compilation: Worker exited unexpectedly during startup (Exception from HRESULT: 0x80131F04).
08/17/2026 07:46:41.642 [2412]: ERROR:  GetCorSvcBindToUnregisteredWorker failed because the worker process died with errorcode -2147023485
08/17/2026 07:46:41.642 [2412]: Uninstalling assembly C:\Program Files\Microsoft Visual Studio\18\Enterprise\MSBuild\Current\Bin\Roslyn\Microsoft.CodeAnalysis.CSharp.dll because of an error during compilation: Worker exited unexpectedly during startup (Exception from HRESULT: 0x80131F04).
08/17/2026 07:46:41.726 [2412]: ERROR:  GetCorSvcBindToUnregisteredWorker failed because the worker process died with errorcode -2147023485
08/17/2026 07:46:41.726 [2412]: Uninstalling assembly C:\Program Files\Microsoft Visual Studio\18\Enterprise\Common7\IDE\CommonExtensions\Microsoft\TeamFoundation\Team Explorer\Microsoft.TeamFoundation.Git.dll because of an error during compilation: Worker exited unexpectedly during startup (Exception from HRESULT: 0x80131F04).
08/17/2026 07:46:41.810 [2412]: ERROR:  GetCorSvcBindToUnregisteredWorker failed because the worker process died with errorcode -2147023485
08/17/2026 07:46:41.811 [2412]: Uninstalling assembly C:\Program Files\Microsoft Visual Studio\18\Enterprise\Common7\IDE\CommonExtensions\Microsoft\Editor\Microsoft.VisualStudio.Language.StandardClassification.dll because of an error during compilation: Worker exited unexpectedly during startup (Exception from HRESULT: 0x80131F04).
08/17/2026 07:46:41.915 [2412]: ERROR:  GetCorSvcBindToUnregisteredWorker failed because the worker process died with errorcode -2147023485
08/17/2026 07:46:41.916 [2412]: Uninstalling assembly C:\Program Files\Microsoft Visual Studio\18\Enterprise\MSBuild\Current\Bin\System.Threading.Tasks.Extensions.dll because of an error during compilation: Worker exited unexpectedly during startup (Exception from HRESULT: 0x80131F04).
08/17/2026 07:46:41.998 [2412]: ERROR:  GetCorSvcBindToUnregisteredWorker failed because the worker process died with errorcode -2147023485
08/17/2026 07:46:41.999 [2412]: Uninstalling assembly C:\Program Files\Microsoft Visual Studio\18\Enterprise\Common7\IDE\CommonExtensions\Microsoft\FSharp\Tools\FSharp.Build.dll because of an error during compilation: Worker exited unexpectedly during startup (Exception from HRESULT: 0x80131F04).
08/17/2026 07:46:42.095 [2412]: ERROR:  GetCorSvcBindToUnregisteredWorker failed because the worker process died with errorcode -2147023485
08/17/2026 07:46:42.095 [2412]: Uninstalling assembly C:\Program Files\Microsoft Visual Studio\18\Enterprise\Common7\IDE\Microsoft.VisualStudio.PerfWatson.dll because of an error during compilation: Worker exited unexpectedly during startup (Exception from HRESULT: 0x80131F04).
08/17/2026 07:46:42.188 [2412]: ERROR:  GetCorSvcBindToUnregisteredWorker failed because the worker process died with errorcode -2147023485
08/17/2026 07:46:42.188 [2412]: Uninstalling assembly C:\Program Files\Microsoft Visual Studio\18\Enterprise\Common7\IDE\CommonExtensions\Microsoft\VBCSharp\LanguageServices\Microsoft.CodeAnalysis.CSharp.dll because of an error during compilation: Worker exited unexpectedly during startup (Exception from HRESULT: 0x80131F04).
08/17/2026 07:46:42.269 [2412]: ERROR:  GetCorSvcBindToUnregisteredWorker failed because the worker process died with errorcode -2147023485
08/17/2026 07:46:42.269 [2412]: Uninstalling assembly C:\Program Files\Microsoft Visual Studio\18\Enterprise\Common7\IDE\Extensions\TestPlatform\testhost.exe because of an error during compilation: Worker exited unexpectedly during startup (Exception from HRESULT: 0x80131F04).
08/17/2026 07:46:42.390 [2412]: ERROR:  GetCorSvcBindToUnregisteredWorker failed because the worker process died with errorcode -2147023485
08/17/2026 07:46:42.391 [2412]: Uninstalling assembly C:\Program Files\Microsoft Visual Studio\18\Enterprise\Common7\IDE\CommonExtensions\Microsoft\FSharp\FSharp.Compiler.Service.dll because of an error during compilation: Worker exited unexpectedly during startup (Exception from HRESULT: 0x80131F04).
08/17/2026 07:46:42.470 [2412]: ERROR:  GetCorSvcBindToUnregisteredWorker failed because the worker process died with errorcode -2147023485
08/17/2026 07:46:42.470 [2412]: Uninstalling assembly C:\Program Files\Microsoft Visual Studio\18\Enterprise\Common7\IDE\Extensions\TestPlatform\testhost.net481.exe because of an error during compilation: Worker exited unexpectedly during startup (Exception from HRESULT: 0x80131F04).
08/17/2026 07:46:42.589 [2412]: ERROR:  GetCorSvcBindToUnregisteredWorker failed because the worker process died with errorcode -2147023485
08/17/2026 07:46:42.589 [2412]: Uninstalling assembly C:\Program Files\Microsoft Visual Studio\18\Enterprise\Common7\IDE\CommonExtensions\Microsoft\TeamFoundation\Team Explorer\Microsoft.TeamFoundation.Git.Provider.dll because of an error during compilation: Worker exited unexpectedly during startup (Exception from HRESULT: 0x80131F04).
08/17/2026 07:46:42.687 [2412]: ERROR:  GetCorSvcBindToUnregisteredWorker failed because the worker process died with errorcode -2147023485
08/17/2026 07:46:42.687 [2412]: Uninstalling assembly C:\Program Files\Microsoft Visual Studio\18\Enterprise\MSBuild\Current\Bin\Newtonsoft.Json.dll because of an error during compilation: Worker exited unexpectedly during startup (Exception from HRESULT: 0x80131F04).
08/17/2026 07:46:42.766 [2412]: ERROR:  GetCorSvcBindToUnregisteredWorker failed because the worker process died with errorcode -2147023485
08/17/2026 07:46:42.766 [2412]: Uninstalling assembly C:\Program Files\Microsoft Visual Studio\18\Enterprise\Common7\IDE\CommonExtensions\Microsoft\FSharp\FSharp.ProjectSystem.PropertyPages.dll because of an error during compilation: Worker exited unexpectedly during startup (Exception from HRESULT: 0x80131F04).
08/17/2026 07:46:42.880 [2412]: ERROR:  GetCorSvcBindToUnregisteredWorker failed because the worker process died with errorcode -2147023485
08/17/2026 07:46:42.880 [2412]: Uninstalling assembly C:\Program Files\Microsoft Visual Studio\18\Enterprise\Common7\IDE\CommonExtensions\Microsoft\NuGet\NuGet.Protocol.dll because of an error during compilation: Worker exited unexpectedly during startup (Exception from HRESULT: 0x80131F04).
08/17/2026 07:46:43.014 [2412]: ERROR:  GetCorSvcBindToUnregisteredWorker failed because the worker process died with errorcode -2147023485
08/17/2026 07:46:43.014 [2412]: Uninstalling assembly C:\Program Files\Microsoft Visual Studio\18\Enterprise\Common7\IDE\CommonExtensions\Microsoft\FSharp\FSharp.ProjectSystem.Base.dll because of an error during compilation: Worker exited unexpectedly during startup (Exception from HRESULT: 0x80131F04).
08/17/2026 07:46:43.147 [2412]: ERROR:  GetCorSvcBindToUnregisteredWorker failed because the worker process died with errorcode -2147023485
08/17/2026 07:46:43.147 [2412]: Uninstalling assembly C:\Program Files\Microsoft Visual Studio\18\Enterprise\Common7\IDE\CommonExtensions\Microsoft\TeamFoundation\Team Explorer\Microsoft.TeamFoundation.Git.CoreServices.dll because of an error during compilation: Worker exited unexpectedly during startup (Exception from HRESULT: 0x80131F04).
08/17/2026 07:46:43.231 [2412]: ERROR:  GetCorSvcBindToUnregisteredWorker failed because the worker process died with errorcode -2147023485
08/17/2026 07:46:43.231 [2412]: Uninstalling assembly C:\Program Files\Microsoft Visual Studio\18\Enterprise\MSBuild\Current\Bin\System.Buffers.dll because of an error during compilation: Worker exited unexpectedly during startup (Exception from HRESULT: 0x80131F04).
08/17/2026 07:46:43.314 [2412]: ERROR:  GetCorSvcBindToUnregisteredWorker failed because the worker process died with errorcode -2147023485
08/17/2026 07:46:43.314 [2412]: Uninstalling assembly C:\Program Files\Microsoft Visual Studio\18\Enterprise\Common7\IDE\CommonExtensions\Microsoft\LanguageServer\Microsoft.VisualStudio.LanguageServer.Protocol.dll because of an error during compilation: Worker exited unexpectedly during startup (Exception from HRESULT: 0x80131F04).
08/17/2026 07:46:43.415 [2412]: ERROR:  GetCorSvcBindToUnregisteredWorker failed because the worker process died with errorcode -2147023485
08/17/2026 07:46:43.415 [2412]: Uninstalling assembly C:\Program Files\Microsoft Visual Studio\18\Enterprise\Common7\IDE\CommonExtensions\Microsoft\NuGet\NuGet.Commands.dll because of an error during compilation: Worker exited unexpectedly during startup (Exception from HRESULT: 0x80131F04).
08/17/2026 07:46:43.516 [2412]: ERROR:  GetCorSvcBindToUnregisteredWorker failed because the worker process died with errorcode -2147023485
08/17/2026 07:46:43.517 [2412]: Uninstalling assembly C:\Program Files\Microsoft Visual Studio\18\Enterprise\Common7\IDE\CommonExtensions\Microsoft\NuGet\NuGet.Packaging.dll because of an error during compilation: Worker exited unexpectedly during startup (Exception from HRESULT: 0x80131F04).
08/17/2026 07:46:43.619 [2412]: ERROR:  GetCorSvcBindToUnregisteredWorker failed because the worker process died with errorcode -2147023485
08/17/2026 07:46:43.619 [2412]: Uninstalling assembly C:\Program Files\Microsoft Visual Studio\18\Enterprise\Common7\IDE\CommonExtensions\Microsoft\ServiceHub\microsoft.servicehub.hoststub.dll because of an error during compilation: Worker exited unexpectedly during startup (Exception from HRESULT: 0x80131F04).
08/17/2026 07:46:43.712 [2412]: ERROR:  GetCorSvcBindToUnregisteredWorker failed because the worker process died with errorcode -2147023485
08/17/2026 07:46:43.712 [2412]: Uninstalling assembly C:\Program Files\Microsoft Visual Studio\18\Enterprise\Common7\IDE\Extensions\Microsoft\Copilot\Microsoft.VisualStudio.Completions.dll because of an error during compilation: Worker exited unexpectedly during startup (Exception from HRESULT: 0x80131F04).
08/17/2026 07:46:43.860 [2412]: ERROR:  GetCorSvcBindToUnregisteredWorker failed because the worker process died with errorcode -2147023485
08/17/2026 07:46:43.860 [2412]: Uninstalling assembly C:\Program Files\Microsoft Visual Studio\18\Enterprise\Common7\IDE\CommonExtensions\Microsoft\FSharp\Tools\FSharp.Compiler.Interactive.Settings.dll because of an error during compilation: Worker exited unexpectedly during startup (Exception from HRESULT: 0x80131F04).
08/17/2026 07:46:43.977 [2412]: ERROR:  GetCorSvcBindToUnregisteredWorker failed because the worker process died with errorcode -2147023485
08/17/2026 07:46:43.977 [2412]: Uninstalling assembly C:\Program Files\Microsoft Visual Studio\18\Enterprise\Common7\IDE\CommonExtensions\Microsoft\LanguageServer\Microsoft.VisualStudio.LanguageServer.Client.Implementation.dll because of an error during compilation: Worker exited unexpectedly during startup (Exception from HRESULT: 0x80131F04).
08/17/2026 07:46:44.074 [2412]: ERROR:  GetCorSvcBindToUnregisteredWorker failed because the worker process died with errorcode -2147023485
08/17/2026 07:46:44.075 [2412]: Uninstalling assembly C:\Program Files\Microsoft Visual Studio\18\Enterprise\SharedAssemblies\System.Threading.Tasks.Extensions\4.2.4.0\4.6.3\netfx\System.Threading.Tasks.Extensions.dll because of an error during compilation: Worker exited unexpectedly during startup (Exception from HRESULT: 0x80131F04).
08/17/2026 07:46:44.209 [2412]: ERROR:  GetCorSvcBindToUnregisteredWorker failed because the worker process died with errorcode -2147023485
08/17/2026 07:46:44.209 [2412]: Uninstalling assembly C:\Program Files\Microsoft Visual Studio\18\Enterprise\Common7\IDE\PrivateAssemblies\PolyType.1.x\PolyType.dll because of an error during compilation: Worker exited unexpectedly during startup (Exception from HRESULT: 0x80131F04).
08/17/2026 07:46:44.222 [2412]: Exception from HRESULT: 0x80004002 (E_NOINTERFACE)
08/17/2026 07:46:44.222 [2412]: ngen returning 0xffffffff
